,UniProtKB,UniProt Isoform,Ensembl Gene Id,Ensembl Protein Id,Ensembl Transcript Id,RefSeq mRNA Id,PDB Ids,HSPE1,HSP90B2P,HSP90B1,GRPEL1,GRPEL2,CEP170,CDC37,CCDC136,CDC37L1,DCTN1,TOR2A,TOR3A,TRAP1,TOR1A,TOR1B,TXNDC9,HSP90AA1,HTRA4,FKBPL,HSP90AB4P,HSP90AA4P,HSP90AB1,HSP90AB3P,HSP90AB2P,GAK,FKBP1A,FKBP1B,FKBP5,FKBP4,HSP90AA2P,HTRA3,HTRA1,TSPY1,TSPY2,TSPY3,TSPY4,TSPYL6,TSPY8,TSPYL1,TTC9C,TOR4A,SETSIP,SEC63,SERP1,SERP2,TRAF3IP3,SNCA,TBCD,TBCEL,TBCE,CCT5,CCT6A,TBCB,CCT8L2,CCT6B,CCT8,TBCA,TCP1,TBCC,SET,SLMAP,TSPY10,TSPYL2,TSPYL5,TTC9,TTC9B,TTC3,TSPY26P,TSPYL4,VBP1,PFDN2,PFDN5,MAN1A1,MAN1B1,MAN1A2,MAN1C1,CANX,CEP170B,CEP170P1,DNAJC6,ATPAF1,YWHAB,YWHAZ,AHSP,AIP,AIPL1,YWHAG,SFN,YWHAH,YWHAE,YWHAQ,SNCB,SNCG,CCT8L1P,CCT2,CCT4,CCT7,CCT3,PTGES3,CLIP4,CLIP1,CLIP2,CLIP3,CLPX,CLGN,PTGES3L,NAP1L5,NPM2,NPM1,NPM3
0,P61604,P61604(*),ENSG00000115541,ENSP00000233893,ENST00000233893(*),NM_002157(MANE),"4PJ1,6HT7,6MRC,6MRD,8G7N,8G7O",HSPE1,,,,,,,,,,,,,,,,,,,,,,,,,,,,,,,,,,,,,,,,,,,,,,,,,,,,,,,,,,,,,,,,,,,,,,,,,,,,,,,,,,,,,,,,,,,,,,,,,,,,,,,,,,,,,
0,No Protein coding transcript for this gene,,,,,,,,HSP90B2P,,,,,,,,,,,,,,,,,,,,,,,,,,,,,,,,,,,,,,,,,,,,,,,,,,,,,,,,,,,,,,,,,,,,,,,,,,,,,,,,,,,,,,,,,,,,,,,,,,,,,,,,,,,,
0,P14625,P14625(*),ENSG00000166598,ENSP00000299767,ENST00000299767(*),NM_003299(MANE),"4NH9,7ULL",,,HSP90B1,,,,,,,,,,,,,,,,,,,,,,,,,,,,,,,,,,,,,,,,,,,,,,,,,,,,,,,,,,,,,,,,,,,,,,,,,,,,,,,,,,,,,,,,,,,,,,,,,,,,,,,,,,,
0,Q9HAV7,Q9HAV7(*),ENSG00000109519,ENSP00000264954,ENST00000264954(*),NM_025196(MANE),not-available,,,,GRPEL1,,,,,,,,,,,,,,,,,,,,,,,,,,,,,,,,,,,,,,,,,,,,,,,,,,,,,,,,,,,,,,,,,,,,,,,,,,,,,,,,,,,,,,,,,,,,,,,,,,,,,,,,,,
0,Q8TAA5,Q8TAA5-1(*),ENSG00000164284,ENSP00000329558,ENST00000329271(*),NM_152407(MANE),not-available,,,,,GRPEL2,,,,,,,,,,,,,,,,,,,,,,,,,,,,,,,,,,,,,,,,,,,,,,,,,,,,,,,,,,,,,,,,,,,,,,,,,,,,,,,,,,,,,,,,,,,,,,,,,,,,,,,,,
1,Q8TAA5,Q8TAA5-2,ENSG00000164284,ENSP00000397302,ENST00000416916,not-assigned,,,,,,GRPEL2,,,,,,,,,,,,,,,,,,,,,,,,,,,,,,,,,,,,,,,,,,,,,,,,,,,,,,,,,,,,,,,,,,,,,,,,,,,,,,,,,,,,,,,,,,,,,,,,,,,,,,,,,
0,Q5SW79,Q5SW79-1(*),ENSG00000143702,ENSP00000355500,ENST00000366542(*),NM_014812(MANE),4JON,,,,,,CEP170,,,,,,,,,,,,,,,,,,,,,,,,,,,,,,,,,,,,,,,,,,,,,,,,,,,,,,,,,,,,,,,,,,,,,,,,,,,,,,,,,,,,,,,,,,,,,,,,,,,,,,,,
1,Q5SW79,Q5SW79-1(*),ENSG00000276725,ENSP00000483344,ENST00000612450(*),NM_014812,4JON,,,,,,CEP170,,,,,,,,,,,,,,,,,,,,,,,,,,,,,,,,,,,,,,,,,,,,,,,,,,,,,,,,,,,,,,,,,,,,,,,,,,,,,,,,,,,,,,,,,,,,,,,,,,,,,,,,
2,Q5SW79,Q5SW79-2,ENSG00000143702,ENSP00000355501,ENST00000366543,NM_001042405,,,,,,,CEP170,,,,,,,,,,,,,,,,,,,,,,,,,,,,,,,,,,,,,,,,,,,,,,,,,,,,,,,,,,,,,,,,,,,,,,,,,,,,,,,,,,,,,,,,,,,,,,,,,,,,,,,,
3,Q5SW79,Q5SW79-2,ENSG00000276725,ENSP00000484359,ENST00000621831,NM_001042405,,,,,,,CEP170,,,,,,,,,,,,,,,,,,,,,,,,,,,,,,,,,,,,,,,,,,,,,,,,,,,,,,,,,,,,,,,,,,,,,,,,,,,,,,,,,,,,,,,,,,,,,,,,,,,,,,,,
4,Q5SW79,Q5SW79-3,ENSG00000143702,ENSP00000355502,ENST00000366544,NM_001042404,,,,,,,CEP170,,,,,,,,,,,,,,,,,,,,,,,,,,,,,,,,,,,,,,,,,,,,,,,,,,,,,,,,,,,,,,,,,,,,,,,,,,,,,,,,,,,,,,,,,,,,,,,,,,,,,,,,
5,Q5SW79,Q5SW79-3,ENSG00000276725,ENSP00000482707,ENST00000450306,NM_001042404,,,,,,,CEP170,,,,,,,,,,,,,,,,,,,,,,,,,,,,,,,,,,,,,,,,,,,,,,,,,,,,,,,,,,,,,,,,,,,,,,,,,,,,,,,,,,,,,,,,,,,,,,,,,,,,,,,,
0,Q16543,Q16543(*),ENSG00000105401,ENSP00000222005,ENST00000222005(*),NM_007065(MANE),"1US7,2K5B,2N5X,2NCA,2W0G,5FWK,5FWL,5FWM,5FWP,5HPE,7Z37,7Z38,7ZR0,7ZR5,7ZR6,8GAE,8GFT,8U1L",,,,,,,CDC37,,,,,,,,,,,,,,,,,,,,,,,,,,,,,,,,,,,,,,,,,,,,,,,,,,,,,,,,,,,,,,,,,,,,,,,,,,,,,,,,,,,,,,,,,,,,,,,,,,,,,,,
0,Q96JN2,Q96JN2-1(*),ENSG00000128596,ENSP00000297788,ENST00000297788(*),NM_001363423,not-available,,,,,,,,CCDC136,,,,,,,,,,,,,,,,,,,,,,,,,,,,,,,,,,,,,,,,,,,,,,,,,,,,,,,,,,,,,,,,,,,,,,,,,,,,,,,,,,,,,,,,,,,,,,,,,,,,,,
1,Q96JN2,Q96JN2-1(*),ENSG00000128596,ENSP00000297788,ENST00000297788(*),NM_001363424,not-available,,,,,,,,CCDC136,,,,,,,,,,,,,,,,,,,,,,,,,,,,,,,,,,,,,,,,,,,,,,,,,,,,,,,,,,,,,,,,,,,,,,,,,,,,,,,,,,,,,,,,,,,,,,,,,,,,,,
2,Q96JN2,Q96JN2-1(*),ENSG00000128596,ENSP00000297788,ENST00000297788(*),NM_001367764,not-available,,,,,,,,CCDC136,,,,,,,,,,,,,,,,,,,,,,,,,,,,,,,,,,,,,,,,,,,,,,,,,,,,,,,,,,,,,,,,,,,,,,,,,,,,,,,,,,,,,,,,,,,,,,,,,,,,,,
3,Q96JN2,Q96JN2-1(*),ENSG00000128596,ENSP00000297788,ENST00000297788(*),NM_022742(MANE),not-available,,,,,,,,CCDC136,,,,,,,,,,,,,,,,,,,,,,,,,,,,,,,,,,,,,,,,,,,,,,,,,,,,,,,,,,,,,,,,,,,,,,,,,,,,,,,,,,,,,,,,,,,,,,,,,,,,,,
4,Q96JN2,Q96JN2-3,ENSG00000128596,ENSP00000367956,ENST00000378685,NM_001201372,,,,,,,,,CCDC136,,,,,,,,,,,,,,,,,,,,,,,,,,,,,,,,,,,,,,,,,,,,,,,,,,,,,,,,,,,,,,,,,,,,,,,,,,,,,,,,,,,,,,,,,,,,,,,,,,,,,,
0,Q7L3B6,Q7L3B6(*),ENSG00000106993,ENSP00000371278,ENST00000381854(*),NM_017913(MANE),not-available,,,,,,,,,CDC37L1,,,,,,,,,,,,,,,,,,,,,,,,,,,,,,,,,,,,,,,,,,,,,,,,,,,,,,,,,,,,,,,,,,,,,,,,,,,,,,,,,,,,,,,,,,,,,,,,,,,,,
0,Q14203,Q14203-1(*),ENSG00000204843,ENSP00000487279,ENST00000628224(*),NM_004082(MANE),"1TXQ,2COY,2HKN,2HKQ,2HL3,2HL5,2HQH,3E2U,3TQ7",,,,,,,,,,DCTN1,,,,,,,,,,,,,,,,,,,,,,,,,,,,,,,,,,,,,,,,,,,,,,,,,,,,,,,,,,,,,,,,,,,,,,,,,,,,,,,,,,,,,,,,,,,,,,,,,,,,
1,Q14203,Q14203-2,ENSG00000204843,ENSP00000487724,ENST00000633691,NM_023019,,,,,,,,,,,DCTN1,,,,,,,,,,,,,,,,,,,,,,,,,,,,,,,,,,,,,,,,,,,,,,,,,,,,,,,,,,,,,,,,,,,,,,,,,,,,,,,,,,,,,,,,,,,,,,,,,,,,
2,Q14203,Q14203-3,ENSG00000204843,ENSP00000386406,ENST00000409240,NM_001190836,,,,,,,,,,,DCTN1,,,,,,,,,,,,,,,,,,,,,,,,,,,,,,,,,,,,,,,,,,,,,,,,,,,,,,,,,,,,,,,,,,,,,,,,,,,,,,,,,,,,,,,,,,,,,,,,,,,,
3,Q14203,Q14203-4,ENSG00000204843,ENSP00000386843,ENST00000409567,NM_001135040,,,,,,,,,,,DCTN1,,,,,,,,,,,,,,,,,,,,,,,,,,,,,,,,,,,,,,,,,,,,,,,,,,,,,,,,,,,,,,,,,,,,,,,,,,,,,,,,,,,,,,,,,,,,,,,,,,,,
4,Q14203,Q14203-5,ENSG00000204843,ENSP00000387270,ENST00000409438,NM_001135041,,,,,,,,,,,DCTN1,,,,,,,,,,,,,,,,,,,,,,,,,,,,,,,,,,,,,,,,,,,,,,,,,,,,,,,,,,,,,,,,,,,,,,,,,,,,,,,,,,,,,,,,,,,,,,,,,,,,
5,Q14203,Q14203-6,ENSG00000204843,ENSP00000377571,ENST00000394003,NM_001190837,,,,,,,,,,,DCTN1,,,,,,,,,,,,,,,,,,,,,,,,,,,,,,,,,,,,,,,,,,,,,,,,,,,,,,,,,,,,,,,,,,,,,,,,,,,,,,,,,,,,,,,,,,,,,,,,,,,,
0,Q5JU69,Q5JU69-1(*),ENSG00000160404,ENSP00000362381,ENST00000373284(*),NM_001085347(MANE),not-available,,,,,,,,,,,TOR2A,,,,,,,,,,,,,,,,,,,,,,,,,,,,,,,,,,,,,,,,,,,,,,,,,,,,,,,,,,,,,,,,,,,,,,,,,,,,,,,,,,,,,,,,,,,,,,,,,,,
1,Q5JU69,Q5JU69-1(*),ENSG00000160404,ENSP00000362381,ENST00000373284(*),NM_001252018,not-available,,,,,,,,,,,TOR2A,,,,,,,,,,,,,,,,,,,,,,,,,,,,,,,,,,,,,,,,,,,,,,,,,,,,,,,,,,,,,,,,,,,,,,,,,,,,,,,,,,,,,,,,,,,,,,,,,,,
2,Q5JU69,Q5JU69-1(*),ENSG00000160404,ENSP00000362381,ENST00000373284(*),NM_001252021,not-available,,,,,,,,,,,TOR2A,,,,,,,,,,,,,,,,,,,,,,,,,,,,,,,,,,,,,,,,,,,,,,,,,,,,,,,,,,,,,,,,,,,,,,,,,,,,,,,,,,,,,,,,,,,,,,,,,,,
3,Q5JU69,Q5JU69-2,ENSG00000160404,ENSP00000362378,ENST00000373281,NM_130459,,,,,,,,,,,,TOR2A,,,,,,,,,,,,,,,,,,,,,,,,,,,,,,,,,,,,,,,,,,,,,,,,,,,,,,,,,,,,,,,,,,,,,,,,,,,,,,,,,,,,,,,,,,,,,,,,,,,
4,Q5JU69,Q5JU69-5,ENSG00000160404,ENSP00000485268,ENST00000463577,NM_001134431,,,,,,,,,,,,TOR2A,,,,,,,,,,,,,,,,,,,,,,,,,,,,,,,,,,,,,,,,,,,,,,,,,,,,,,,,,,,,,,,,,,,,,,,,,,,,,,,,,,,,,,,,,,,,,,,,,,,
5,Q5JU69,Q5JU69-5,ENSG00000160404,ENSP00000485360,ENST00000493439,not-assigned,,,,,,,,,,,,TOR2A,,,,,,,,,,,,,,,,,,,,,,,,,,,,,,,,,,,,,,,,,,,,,,,,,,,,,,,,,,,,,,,,,,,,,,,,,,,,,,,,,,,,,,,,,,,,,,,,,,,
6,Q5JU69,Q5JU69-5,ENSG00000160404,ENSP00000485544,ENST00000496460,not-assigned,,,,,,,,,,,,TOR2A,,,,,,,,,,,,,,,,,,,,,,,,,,,,,,,,,,,,,,,,,,,,,,,,,,,,,,,,,,,,,,,,,,,,,,,,,,,,,,,,,,,,,,,,,,,,,,,,,,,
7,Q5JU69,Q5JU69-5,ENSG00000160404,ENSP00000485648,ENST00000463256,not-assigned,,,,,,,,,,,,TOR2A,,,,,,,,,,,,,,,,,,,,,,,,,,,,,,,,,,,,,,,,,,,,,,,,,,,,,,,,,,,,,,,,,,,,,,,,,,,,,,,,,,,,,,,,,,,,,,,,,,,
8,Q5JU69,Q8N2E6-1,ENSG00000160404,ENSP00000338317,ENST00000336067,NM_001134430,,,,,,,,,,,,TOR2A,,,,,,,,,,,,,,,,,,,,,,,,,,,,,,,,,,,,,,,,,,,,,,,,,,,,,,,,,,,,,,,,,,,,,,,,,,,,,,,,,,,,,,,,,,,,,,,,,,,
9,Q5JU69,Q8N2E6-1,ENSG00000160404,ENSP00000338317,ENST00000336067,NM_001252023,,,,,,,,,,,,TOR2A,,,,,,,,,,,,,,,,,,,,,,,,,,,,,,,,,,,,,,,,,,,,,,,,,,,,,,,,,,,,,,,,,,,,,,,,,,,,,,,,,,,,,,,,,,,,,,,,,,,
0,Q9H497,Q9H497-1(*),ENSG00000186283,ENSP00000356599,ENST00000367627(*),NM_022371(MANE),not-available,,,,,,,,,,,,TOR3A,,,,,,,,,,,,,,,,,,,,,,,,,,,,,,,,,,,,,,,,,,,,,,,,,,,,,,,,,,,,,,,,,,,,,,,,,,,,,,,,,,,,,,,,,,,,,,,,,,
1,Q9H497,Q9H497-2,ENSG00000186283,ENSP00000335351,ENST00000352445,not-assigned,,,,,,,,,,,,,TOR3A,,,,,,,,,,,,,,,,,,,,,,,,,,,,,,,,,,,,,,,,,,,,,,,,,,,,,,,,,,,,,,,,,,,,,,,,,,,,,,,,,,,,,,,,,,,,,,,,,,
0,Q12931,Q12931-1(*),ENSG00000126602,ENSP00000246957,ENST00000246957(*),NM_016292(MANE),"4Z1F,4Z1G,4Z1H,4Z1I,5F3K,5F5R,5HPH,5Y3N,5Y3O,6XG6,7C04,7C05,7C7B,7C7C,7KCK,7KCL,7KCM,7KLU,7KLU,7KLV,7KLV,7U8U,7U8V,7U8W,7U8X,7ULK",,,,,,,,,,,,,TRAP1,,,,,,,,,,,,,,,,,,,,,,,,,,,,,,,,,,,,,,,,,,,,,,,,,,,,,,,,,,,,,,,,,,,,,,,,,,,,,,,,,,,,,,,,,,,,,,,,,
1,Q12931,Q12931-2,ENSG00000126602,ENSP00000442070,ENST00000538171,NM_001272049,,,,,,,,,,,,,,TRAP1,,,,,,,,,,,,,,,,,,,,,,,,,,,,,,,,,,,,,,,,,,,,,,,,,,,,,,,,,,,,,,,,,,,,,,,,,,,,,,,,,,,,,,,,,,,,,,,,,
0,O14656,O14656-1(*),ENSG00000136827,ENSP00000345719,ENST00000351698(*),NM_000113(MANE),"5J1S,5J1T,6OIF",,,,,,,,,,,,,,TOR1A,,,,,,,,,,,,,,,,,,,,,,,,,,,,,,,,,,,,,,,,,,,,,,,,,,,,,,,,,,,,,,,,,,,,,,,,,,,,,,,,,,,,,,,,,,,,,,,,
0,O14657,O14657(*),ENSG00000136816,ENSP00000259339,ENST00000259339(*),NM_014506(MANE),not-available,,,,,,,,,,,,,,,TOR1B,,,,,,,,,,,,,,,,,,,,,,,,,,,,,,,,,,,,,,,,,,,,,,,,,,,,,,,,,,,,,,,,,,,,,,,,,,,,,,,,,,,,,,,,,,,,,,,
1,O14657,not-assigned,ENSG00000136816,ENSP00000411912,ENST00000427860,NM_001317893,,,,,,,,,,,,,,,,TOR1B,,,,,,,,,,,,,,,,,,,,,,,,,,,,,,,,,,,,,,,,,,,,,,,,,,,,,,,,,,,,,,,,,,,,,,,,,,,,,,,,,,,,,,,,,,,,,,,
2,O14657,not-assigned,ENSG00000136816,ENSP00000411912,ENST00000427860,NM_001317894,,,,,,,,,,,,,,,,TOR1B,,,,,,,,,,,,,,,,,,,,,,,,,,,,,,,,,,,,,,,,,,,,,,,,,,,,,,,,,,,,,,,,,,,,,,,,,,,,,,,,,,,,,,,,,,,,,,,
0,O14530,O14530-1(*),ENSG00000115514,ENSP00000264255,ENST00000264255(*),NM_005783(MANE),not-available,,,,,,,,,,,,,,,,TXNDC9,,,,,,,,,,,,,,,,,,,,,,,,,,,,,,,,,,,,,,,,,,,,,,,,,,,,,,,,,,,,,,,,,,,,,,,,,,,,,,,,,,,,,,,,,,,,,,
1,O14530,O14530-2,ENSG00000115514,ENSP00000387275,ENST00000409434,not-assigned,,,,,,,,,,,,,,,,,TXNDC9,,,,,,,,,,,,,,,,,,,,,,,,,,,,,,,,,,,,,,,,,,,,,,,,,,,,,,,,,,,,,,,,,,,,,,,,,,,,,,,,,,,,,,,,,,,,,,
0,P07900,P07900-1(*),ENSG00000080824,ENSP00000216281,ENST00000216281(*),NM_005348(MANE),"1BYQ,1OSF,1UY6,1UY7,1UY8,1UY9,1UYC,1UYD,1UYE,1UYF,1UYG,1UYH,1UYI,1UYK,1UYL,1YC1,1YC3,1YC4,1YER,1YES,1YET,2BSM,2BT0,2BUG,2BYH,2BYI,2BZ5,2C2L,2CCS,2CCT,2CCU,2FWY,2FWZ,2H55,2JJC,2K5B,2QF6,2QFO,2QG0,2QG2,2UWD,2VCI,2VCJ,2WI1,2WI2,2WI3,2WI4,2WI5,2WI6,2WI7,2XAB,2XDK,2XDL,2XDS,2XDU,2XDX,2XHR,2XHT,2XHX,2XJG,2XJJ,2XJX,2XK2,2YE2,2YE3,2YE4,2YE5,2YE6,2YE7,2YE8,2YE9,2YEA,2YEB,2YEC,2YED,2YEE,2YEF,2YEG,2YEH,2YEI,2YEJ,2YI0,2YI5,2YI6,2YI7,2YJW,2YJX,2YK2,2YK9,2YKB,2YKC,2YKE,2YKI,2YKJ,3B24,3B25,3B26,3B27,3B28,3BM9,3BMY,3D0B,3EKO,3EKR,3FT5,3FT8,3HEK,3HHU,3HYY,3HYZ,3HZ1,3HZ5,3INW,3INX,3K97,3K98,3K99,3MNR,3O0I,3OW6,3OWB,3OWD,3Q6M,3Q6N,3QDD,3QTF,3R4M,3R4N,3R4O,3R4P,3R91,3R92,3RKZ,3RLP,3RLQ,3RLR,3T0H,3T0Z,3T10,3T1K,3T2S,3TUH,3VHA,3VHC,3VHD,3WHA,3WQ9,4AIF,4AWO,4AWP,4AWQ,4B7P,4BQG,4BQJ,4CGQ,4CGU,4CGV,4CGW,4CWF,4CWN,4CWO,4CWP,4CWQ,4CWR,4CWS,4CWT,4EEH,4EFT,4EFU,4EGH,4EGI,4EGK,4FCP,4FCQ,4FCR,4HY6,4JQL,4L8Z,4L90,4L91,4L93,4L94,4LWE,4LWF,4LWG,4LWH,4LWI,4NH7,4NH8,4O04,4O05,4O07,4O09,4O0B,4R3M,4U93,4W7T,4XIP,4XIQ,4XIR,4XIT,4YKQ,4YKR,4YKT,4YKU,4YKW,4YKX,4YKY,4YKZ,5CF0,5FNC,5FND,5FNF,5GGZ,5J20,5J27,5J2V,5J2X,5J64,5J6L,5J6M,5J6N,5J80,5J82,5J86,5J8M,5J8U,5J9X,5LNY,5LNZ,5LO0,5LO1,5LO5,5LO6,5LQ9,5LR1,5LR7,5LRL,5LRZ,5LS1,5M4E,5M4H,5NYH,5NYI,5OCI,5OD7,5ODX,5T21,5VYY,5XQD,5XQE,5XR5,5XR9,5XRB,5XRD,5XRE,5ZR3,6B99,6B9A,6CEO,6CYG,6CYH,6EI5,6EL5,6ELN,6ELO,6ELP,6EY8,6EY9,6EYA,6EYB,6F1N,6FCJ,6FDP,6GP4,6GP8,6GPF,6GPH,6GPO,6GPP,6GPR,6GPT,6GPW,6GPY,6GQ6,6GQR,6GQS,6GQU,6GR1,6GR3,6GR4,6GR5,6HHR,6KSQ,6LR9,6LSZ,6LT8,6LTI,6LTK,6N8X,6OLX,6TN4,6TN5,6U98,6U99,6U9A,6U9B,7DMC,7KRJ,7KW7,7L7I,7L7J,7LSZ,7LT0,7RXZ,7RY0,7RY1,7S8Y,7S8Z,7S90,7S95,7S98,7S99,7S9F,7S9G,7S9H,7S9I,7UR3,8AGI,8AGJ,8AGL,8B7I,8B7J,8FFV,8FFW,8KI4,8SBT,8W4V,8W8K,8X2R",,,,,,,,,,,,,,,,,HSP90AA1,,,,,,,,,,,,,,,,,,,,,,,,,,,,,,,,,,,,,,,,,,,,,,,,,,,,,,,,,,,,,,,,,,,,,,,,,,,,,,,,,,,,,,,,,,,,,
1,P07900,P07900-2,ENSG00000080824,ENSP00000335153,ENST00000334701,NM_001017963,,,,,,,,,,,,,,,,,,HSP90AA1,,,,,,,,,,,,,,,,,,,,,,,,,,,,,,,,,,,,,,,,,,,,,,,,,,,,,,,,,,,,,,,,,,,,,,,,,,,,,,,,,,,,,,,,,,,,,
0,P83105,P83105(*),ENSG00000169495,ENSP00000305919,ENST00000302495(*),NM_153692(MANE),not-available,,,,,,,,,,,,,,,,,,HTRA4,,,,,,,,,,,,,,,,,,,,,,,,,,,,,,,,,,,,,,,,,,,,,,,,,,,,,,,,,,,,,,,,,,,,,,,,,,,,,,,,,,,,,,,,,,,,
0,Q9UIM3,Q9UIM3(*),ENSG00000204315,ENSP00000364298,ENST00000375156(*),NM_022110(MANE),not-available,,,,,,,,,,,,,,,,,,,FKBPL,,,,,,,,,,,,,,,,,,,,,,,,,,,,,,,,,,,,,,,,,,,,,,,,,,,,,,,,,,,,,,,,,,,,,,,,,,,,,,,,,,,,,,,,,,,
1,Q9UIM3,Q9UIM3(*),ENSG00000223666,ENSP00000398812,ENST00000443350(*),NM_022110,not-available,,,,,,,,,,,,,,,,,,,FKBPL,,,,,,,,,,,,,,,,,,,,,,,,,,,,,,,,,,,,,,,,,,,,,,,,,,,,,,,,,,,,,,,,,,,,,,,,,,,,,,,,,,,,,,,,,,,
2,Q9UIM3,Q9UIM3(*),ENSG00000224200,ENSP00000412439,ENST00000456854(*),NM_022110,not-available,,,,,,,,,,,,,,,,,,,FKBPL,,,,,,,,,,,,,,,,,,,,,,,,,,,,,,,,,,,,,,,,,,,,,,,,,,,,,,,,,,,,,,,,,,,,,,,,,,,,,,,,,,,,,,,,,,,
3,Q9UIM3,Q9UIM3(*),ENSG00000230907,ENSP00000397530,ENST00000425378(*),NM_022110,not-available,,,,,,,,,,,,,,,,,,,FKBPL,,,,,,,,,,,,,,,,,,,,,,,,,,,,,,,,,,,,,,,,,,,,,,,,,,,,,,,,,,,,,,,,,,,,,,,,,,,,,,,,,,,,,,,,,,,
0,No Protein coding transcript for this gene,,,,,,,,,,,,,,,,,,,,,,,,,,HSP90AB4P,,,,,,,,,,,,,,,,,,,,,,,,,,,,,,,,,,,,,,,,,,,,,,,,,,,,,,,,,,,,,,,,,,,,,,,,,,,,,,,,,,,,,,,,,,
0,No Protein coding transcript for this gene,,,,,,,,,,,,,,,,,,,,,,,,,,,HSP90AA4P,,,,,,,,,,,,,,,,,,,,,,,,,,,,,,,,,,,,,,,,,,,,,,,,,,,,,,,,,,,,,,,,,,,,,,,,,,,,,,,,,,,,,,,,,
0,P08238,P08238(*),ENSG00000096384,ENSP00000325875,ENST00000353801,not-assigned,"1QZ2,1UYM,2L6J,3FWV,3NMQ,3PRY,3UQ3,5FWK,5FWL,5FWM,5FWP,5UC4,5UCH,5UCI,5UCJ,6N8W,6N8Y,7ULJ,7Z37,7Z38,7ZR0,7ZR5,7ZR6,7ZUB,8EOA,8EOB,8GAE,8GFT,8QMO",,,,,,,,,,,,,,,,,,,,,,HSP90AB1,,,,,,,,,,,,,,,,,,,,,,,,,,,,,,,,,,,,,,,,,,,,,,,,,,,,,,,,,,,,,,,,,,,,,,,,,,,,,,,,,,,,,,,,
1,P08238,P08238(*),ENSG00000096384,ENSP00000360609,ENST00000371554,NM_001371238,"1QZ2,1UYM,2L6J,3FWV,3NMQ,3PRY,3UQ3,5FWK,5FWL,5FWM,5FWP,5UC4,5UCH,5UCI,5UCJ,6N8W,6N8Y,7ULJ,7Z37,7Z38,7ZR0,7ZR5,7ZR6,7ZUB,8EOA,8EOB,8GAE,8GFT,8QMO",,,,,,,,,,,,,,,,,,,,,,HSP90AB1,,,,,,,,,,,,,,,,,,,,,,,,,,,,,,,,,,,,,,,,,,,,,,,,,,,,,,,,,,,,,,,,,,,,,,,,,,,,,,,,,,,,,,,,
2,P08238,P08238(*),ENSG00000096384,ENSP00000360709,ENST00000371646(*),NM_001271969,"1QZ2,1UYM,2L6J,3FWV,3NMQ,3PRY,3UQ3,5FWK,5FWL,5FWM,5FWP,5UC4,5UCH,5UCI,5UCJ,6N8W,6N8Y,7ULJ,7Z37,7Z38,7ZR0,7ZR5,7ZR6,7ZUB,8EOA,8EOB,8GAE,8GFT,8QMO",,,,,,,,,,,,,,,,,,,,,,HSP90AB1,,,,,,,,,,,,,,,,,,,,,,,,,,,,,,,,,,,,,,,,,,,,,,,,,,,,,,,,,,,,,,,,,,,,,,,,,,,,,,,,,,,,,,,,
3,P08238,P08238(*),ENSG00000096384,ENSP00000360709,ENST00000371646(*),NM_001271971,"1QZ2,1UYM,2L6J,3FWV,3NMQ,3PRY,3UQ3,5FWK,5FWL,5FWM,5FWP,5UC4,5UCH,5UCI,5UCJ,6N8W,6N8Y,7ULJ,7Z37,7Z38,7ZR0,7ZR5,7ZR6,7ZUB,8EOA,8EOB,8GAE,8GFT,8QMO",,,,,,,,,,,,,,,,,,,,,,HSP90AB1,,,,,,,,,,,,,,,,,,,,,,,,,,,,,,,,,,,,,,,,,,,,,,,,,,,,,,,,,,,,,,,,,,,,,,,,,,,,,,,,,,,,,,,,
4,P08238,P08238(*),ENSG00000096384,ENSP00000360709,ENST00000371646(*),NM_001271972,"1QZ2,1UYM,2L6J,3FWV,3NMQ,3PRY,3UQ3,5FWK,5FWL,5FWM,5FWP,5UC4,5UCH,5UCI,5UCJ,6N8W,6N8Y,7ULJ,7Z37,7Z38,7ZR0,7ZR5,7ZR6,7ZUB,8EOA,8EOB,8GAE,8GFT,8QMO",,,,,,,,,,,,,,,,,,,,,,HSP90AB1,,,,,,,,,,,,,,,,,,,,,,,,,,,,,,,,,,,,,,,,,,,,,,,,,,,,,,,,,,,,,,,,,,,,,,,,,,,,,,,,,,,,,,,,
5,P08238,P08238(*),ENSG00000096384,ENSP00000360709,ENST00000371646(*),NM_007355(MANE),"1QZ2,1UYM,2L6J,3FWV,3NMQ,3PRY,3UQ3,5FWK,5FWL,5FWM,5FWP,5UC4,5UCH,5UCI,5UCJ,6N8W,6N8Y,7ULJ,7Z37,7Z38,7ZR0,7ZR5,7ZR6,7ZUB,8EOA,8EOB,8GAE,8GFT,8QMO",,,,,,,,,,,,,,,,,,,,,,HSP90AB1,,,,,,,,,,,,,,,,,,,,,,,,,,,,,,,,,,,,,,,,,,,,,,,,,,,,,,,,,,,,,,,,,,,,,,,,,,,,,,,,,,,,,,,,
6,P08238,P08238(*),ENSG00000096384,ENSP00000481908,ENST00000620073,NM_001271970,"1QZ2,1UYM,2L6J,3FWV,3NMQ,3PRY,3UQ3,5FWK,5FWL,5FWM,5FWP,5UC4,5UCH,5UCI,5UCJ,6N8W,6N8Y,7ULJ,7Z37,7Z38,7ZR0,7ZR5,7ZR6,7ZUB,8EOA,8EOB,8GAE,8GFT,8QMO",,,,,,,,,,,,,,,,,,,,,,HSP90AB1,,,,,,,,,,,,,,,,,,,,,,,,,,,,,,,,,,,,,,,,,,,,,,,,,,,,,,,,,,,,,,,,,,,,,,,,,,,,,,,,,,,,,,,,
0,No Protein coding transcript for this gene,,,,,,,,,,,,,,,,,,,,,,,,,,,,,HSP90AB3P,,,,,,,,,,,,,,,,,,,,,,,,,,,,,,,,,,,,,,,,,,,,,,,,,,,,,,,,,,,,,,,,,,,,,,,,,,,,,,,,,,,,,,,
0,No Protein coding transcript for this gene,,,,,,,,,,,,,,,,,,,,,,,,,,,,,,HSP90AB2P,,,,,,,,,,,,,,,,,,,,,,,,,,,,,,,,,,,,,,,,,,,,,,,,,,,,,,,,,,,,,,,,,,,,,,,,,,,,,,,,,,,,,,
0,O14976,O14976-1(*),ENSG00000178950,ENSP00000314499,ENST00000314167(*),NM_005255(MANE),"4C57,4C58,4C59,4O38,4Y8D,5Y7Z,5Y80",,,,,,,,,,,,,,,,,,,,,,,,,GAK,,,,,,,,,,,,,,,,,,,,,,,,,,,,,,,,,,,,,,,,,,,,,,,,,,,,,,,,,,,,,,,,,,,,,,,,,,,,,,,,,,,,,
1,O14976,O14976-2,ENSG00000178950,ENSP00000421361,ENST00000511163,NM_001318134,,,,,,,,,,,,,,,,,,,,,,,,,,GAK,,,,,,,,,,,,,,,,,,,,,,,,,,,,,,,,,,,,,,,,,,,,,,,,,,,,,,,,,,,,,,,,,,,,,,,,,,,,,,,,,,,,,
0,P62942,P62942(*),ENSG00000088832,ENSP00000371138,ENST00000381719,NM_054014,"1A7X,1B6C,1BKF,1BL4,1D6O,1D7H,1D7I,1D7J,1EYM,1F40,1FAP,1FKB,1FKD,1FKF,1FKG,1FKH,1FKI,1FKJ,1FKR,1FKS,1FKT,1J4H,1J4I,1J4R,1NSG,1QPF,1QPL,2DG3,2DG4,2DG9,2FAP,2FKE,2ND5,2PPN,2PPO,2PPP,2RSE,3FAP,3H9R,3MDY,4DH0,4FAP,4IPX,4N19,4ODP,4ODQ,4ODR,5I7P,5I7Q,6I1S,6M4U,6M4V,6M4V,6M4W,6M4W,6OQA,6VCU,6YF0,6YF1,6YF2,6YF3,7EPD,7U0T,7U8D,8CHI,8CHJ,8CHK,8CHL,8CHM,8ER6,8ER7,8ERA,8JCU,8JCV,8JCW,8JCX,8JCY,8JCZ,8JD0,8JD1,8JD2,8JD4,8JGA,8PDF,8POD,8PPZ,8X6P,8XI9",,,,,,,,,,,,,,,,,,,,,,,,,,FKBP1A,,,,,,,,,,,,,,,,,,,,,,,,,,,,,,,,,,,,,,,,,,,,,,,,,,,,,,,,,,,,,,,,,,,,,,,,,,,,,,,,,,,,
1,P62942,P62942(*),ENSG00000088832,ENSP00000371143,ENST00000381724,not-assigned,"1A7X,1B6C,1BKF,1BL4,1D6O,1D7H,1D7I,1D7J,1EYM,1F40,1FAP,1FKB,1FKD,1FKF,1FKG,1FKH,1FKI,1FKJ,1FKR,1FKS,1FKT,1J4H,1J4I,1J4R,1NSG,1QPF,1QPL,2DG3,2DG4,2DG9,2FAP,2FKE,2ND5,2PPN,2PPO,2PPP,2RSE,3FAP,3H9R,3MDY,4DH0,4FAP,4IPX,4N19,4ODP,4ODQ,4ODR,5I7P,5I7Q,6I1S,6M4U,6M4V,6M4V,6M4W,6M4W,6OQA,6VCU,6YF0,6YF1,6YF2,6YF3,7EPD,7U0T,7U8D,8CHI,8CHJ,8CHK,8CHL,8CHM,8ER6,8ER7,8ERA,8JCU,8JCV,8JCW,8JCX,8JCY,8JCZ,8JD0,8JD1,8JD2,8JD4,8JGA,8PDF,8POD,8PPZ,8X6P,8XI9",,,,,,,,,,,,,,,,,,,,,,,,,,FKBP1A,,,,,,,,,,,,,,,,,,,,,,,,,,,,,,,,,,,,,,,,,,,,,,,,,,,,,,,,,,,,,,,,,,,,,,,,,,,,,,,,,,,,
2,P62942,P62942(*),ENSG00000088832,ENSP00000383003,ENST00000400137(*),NM_000801(MANE),"1A7X,1B6C,1BKF,1BL4,1D6O,1D7H,1D7I,1D7J,1EYM,1F40,1FAP,1FKB,1FKD,1FKF,1FKG,1FKH,1FKI,1FKJ,1FKR,1FKS,1FKT,1J4H,1J4I,1J4R,1NSG,1QPF,1QPL,2DG3,2DG4,2DG9,2FAP,2FKE,2ND5,2PPN,2PPO,2PPP,2RSE,3FAP,3H9R,3MDY,4DH0,4FAP,4IPX,4N19,4ODP,4ODQ,4ODR,5I7P,5I7Q,6I1S,6M4U,6M4V,6M4V,6M4W,6M4W,6OQA,6VCU,6YF0,6YF1,6YF2,6YF3,7EPD,7U0T,7U8D,8CHI,8CHJ,8CHK,8CHL,8CHM,8ER6,8ER7,8ERA,8JCU,8JCV,8JCW,8JCX,8JCY,8JCZ,8JD0,8JD1,8JD2,8JD4,8JGA,8PDF,8POD,8PPZ,8X6P,8XI9",,,,,,,,,,,,,,,,,,,,,,,,,,FKBP1A,,,,,,,,,,,,,,,,,,,,,,,,,,,,,,,,,,,,,,,,,,,,,,,,,,,,,,,,,,,,,,,,,,,,,,,,,,,,,,,,,,,,
3,P62942,P62942(*),ENSG00000088832,ENSP00000503033,ENST00000677335,not-assigned,"1A7X,1B6C,1BKF,1BL4,1D6O,1D7H,1D7I,1D7J,1EYM,1F40,1FAP,1FKB,1FKD,1FKF,1FKG,1FKH,1FKI,1FKJ,1FKR,1FKS,1FKT,1J4H,1J4I,1J4R,1NSG,1QPF,1QPL,2DG3,2DG4,2DG9,2FAP,2FKE,2ND5,2PPN,2PPO,2PPP,2RSE,3FAP,3H9R,3MDY,4DH0,4FAP,4IPX,4N19,4ODP,4ODQ,4ODR,5I7P,5I7Q,6I1S,6M4U,6M4V,6M4V,6M4W,6M4W,6OQA,6VCU,6YF0,6YF1,6YF2,6YF3,7EPD,7U0T,7U8D,8CHI,8CHJ,8CHK,8CHL,8CHM,8ER6,8ER7,8ERA,8JCU,8JCV,8JCW,8JCX,8JCY,8JCZ,8JD0,8JD1,8JD2,8JD4,8JGA,8PDF,8POD,8PPZ,8X6P,8XI9",,,,,,,,,,,,,,,,,,,,,,,,,,FKBP1A,,,,,,,,,,,,,,,,,,,,,,,,,,,,,,,,,,,,,,,,,,,,,,,,,,,,,,,,,,,,,,,,,,,,,,,,,,,,,,,,,,,,
4,P62942,P62942(*),ENSG00000088832,ENSP00000503152,ENST00000678408,not-assigned,"1A7X,1B6C,1BKF,1BL4,1D6O,1D7H,1D7I,1D7J,1EYM,1F40,1FAP,1FKB,1FKD,1FKF,1FKG,1FKH,1FKI,1FKJ,1FKR,1FKS,1FKT,1J4H,1J4I,1J4R,1NSG,1QPF,1QPL,2DG3,2DG4,2DG9,2FAP,2FKE,2ND5,2PPN,2PPO,2PPP,2RSE,3FAP,3H9R,3MDY,4DH0,4FAP,4IPX,4N19,4ODP,4ODQ,4ODR,5I7P,5I7Q,6I1S,6M4U,6M4V,6M4V,6M4W,6M4W,6OQA,6VCU,6YF0,6YF1,6YF2,6YF3,7EPD,7U0T,7U8D,8CHI,8CHJ,8CHK,8CHL,8CHM,8ER6,8ER7,8ERA,8JCU,8JCV,8JCW,8JCX,8JCY,8JCZ,8JD0,8JD1,8JD2,8JD4,8JGA,8PDF,8POD,8PPZ,8X6P,8XI9",,,,,,,,,,,,,,,,,,,,,,,,,,FKBP1A,,,,,,,,,,,,,,,,,,,,,,,,,,,,,,,,,,,,,,,,,,,,,,,,,,,,,,,,,,,,,,,,,,,,,,,,,,,,,,,,,,,,
0,P68106,P68106-1,ENSG00000119782,ENSP00000370373,ENST00000380986(*),NM_004116(MANE),,,,,,,,,,,,,,,,,,,,,,,,,,,,FKBP1B,,,,,,,,,,,,,,,,,,,,,,,,,,,,,,,,,,,,,,,,,,,,,,,,,,,,,,,,,,,,,,,,,,,,,,,,,,,,,,,,,,,
1,P68106,P68106-2,ENSG00000119782,ENSP00000370379,ENST00000380991,NM_054033,,,,,,,,,,,,,,,,,,,,,,,,,,,,FKBP1B,,,,,,,,,,,,,,,,,,,,,,,,,,,,,,,,,,,,,,,,,,,,,,,,,,,,,,,,,,,,,,,,,,,,,,,,,,,,,,,,,,,
0,Q13451,Q13451-1(*),ENSG00000096060,ENSP00000349811,ENST00000357266(*),NM_004117(MANE),"1KT0,3O5D,3O5E,3O5F,3O5G,3O5I,3O5J,3O5K,3O5L,3O5M,3O5O,3O5P,3O5Q,3O5R,4DRH,4DRI,4DRK,4DRM,4DRN,4DRO,4DRP,4DRQ,4JFI,4JFJ,4JFK,4JFL,4JFM,4R0X,4TW6,4TW7,4TX0,4W9O,4W9P,4W9Q,5BXJ,5DIT,5DIU,5DIV,5NJX,5OBK,5OMP,6SAF,6TX4,6TX5,6TX6,6TX7,6TX8,6TX9,6TXX,7A6W,7A6X,7AOT,7AOU,7APQ,7APS,7APT,7APW,7AWF,7AWX,7B9Y,7B9Z,7BA0,7ETT,7ETU,7ETV,7L7I,7R0L,8BA6,8BAJ,8CCA,8CCB,8CCC,8CCD,8CCE,8CCF,8CCG,8CCH,8CHN,8CHP,8CHQ,8CHR,8FFW,8PC2,8PJ8,8PJA,8R5K,9EU6,9EU7,9EU8,9EU9,9EUA,9EUB,9EUC,9EUD,9EUE,9EY3,9EY4",,,,,,,,,,,,,,,,,,,,,,,,,,,,FKBP5,,,,,,,,,,,,,,,,,,,,,,,,,,,,,,,,,,,,,,,,,,,,,,,,,,,,,,,,,,,,,,,,,,,,,,,,,,,,,,,,,,
1,Q13451,Q13451-1(*),ENSG00000096060,ENSP00000441205,ENST00000539068,NM_001145776,"1KT0,3O5D,3O5E,3O5F,3O5G,3O5I,3O5J,3O5K,3O5L,3O5M,3O5O,3O5P,3O5Q,3O5R,4DRH,4DRI,4DRK,4DRM,4DRN,4DRO,4DRP,4DRQ,4JFI,4JFJ,4JFK,4JFL,4JFM,4R0X,4TW6,4TW7,4TX0,4W9O,4W9P,4W9Q,5BXJ,5DIT,5DIU,5DIV,5NJX,5OBK,5OMP,6SAF,6TX4,6TX5,6TX6,6TX7,6TX8,6TX9,6TXX,7A6W,7A6X,7AOT,7AOU,7APQ,7APS,7APT,7APW,7AWF,7AWX,7B9Y,7B9Z,7BA0,7ETT,7ETU,7ETV,7L7I,7R0L,8BA6,8BAJ,8CCA,8CCB,8CCC,8CCD,8CCE,8CCF,8CCG,8CCH,8CHN,8CHP,8CHQ,8CHR,8FFW,8PC2,8PJ8,8PJA,8R5K,9EU6,9EU7,9EU8,9EU9,9EUA,9EUB,9EUC,9EUD,9EUE,9EY3,9EY4",,,,,,,,,,,,,,,,,,,,,,,,,,,,FKBP5,,,,,,,,,,,,,,,,,,,,,,,,,,,,,,,,,,,,,,,,,,,,,,,,,,,,,,,,,,,,,,,,,,,,,,,,,,,,,,,,,,
2,Q13451,Q13451-1(*),ENSG00000096060,ENSP00000444810,ENST00000536438,NM_001145775,"1KT0,3O5D,3O5E,3O5F,3O5G,3O5I,3O5J,3O5K,3O5L,3O5M,3O5O,3O5P,3O5Q,3O5R,4DRH,4DRI,4DRK,4DRM,4DRN,4DRO,4DRP,4DRQ,4JFI,4JFJ,4JFK,4JFL,4JFM,4R0X,4TW6,4TW7,4TX0,4W9O,4W9P,4W9Q,5BXJ,5DIT,5DIU,5DIV,5NJX,5OBK,5OMP,6SAF,6TX4,6TX5,6TX6,6TX7,6TX8,6TX9,6TXX,7A6W,7A6X,7AOT,7AOU,7APQ,7APS,7APT,7APW,7AWF,7AWX,7B9Y,7B9Z,7BA0,7ETT,7ETU,7ETV,7L7I,7R0L,8BA6,8BAJ,8CCA,8CCB,8CCC,8CCD,8CCE,8CCF,8CCG,8CCH,8CHN,8CHP,8CHQ,8CHR,8FFW,8PC2,8PJ8,8PJA,8R5K,9EU6,9EU7,9EU8,9EU9,9EUA,9EUB,9EUC,9EUD,9EUE,9EY3,9EY4",,,,,,,,,,,,,,,,,,,,,,,,,,,,FKBP5,,,,,,,,,,,,,,,,,,,,,,,,,,,,,,,,,,,,,,,,,,,,,,,,,,,,,,,,,,,,,,,,,,,,,,,,,,,,,,,,,,
3,Q13451,Q13451-2,ENSG00000096060,ENSP00000442340,ENST00000542713,NM_001145777,,,,,,,,,,,,,,,,,,,,,,,,,,,,,FKBP5,,,,,,,,,,,,,,,,,,,,,,,,,,,,,,,,,,,,,,,,,,,,,,,,,,,,,,,,,,,,,,,,,,,,,,,,,,,,,,,,,,
0,Q02790,Q02790(*),ENSG00000004478,ENSP00000001008,ENST00000001008(*),NM_002014(MANE),"1N1A,1P5Q,1Q1C,1QZ2,4DRJ,4LAV,4LAW,4LAX,4LAY,4TW8,6RCY,8FFV",,,,,,,,,,,,,,,,,,,,,,,,,,,,,FKBP4,,,,,,,,,,,,,,,,,,,,,,,,,,,,,,,,,,,,,,,,,,,,,,,,,,,,,,,,,,,,,,,,,,,,,,,,,,,,,,,,,
0,No Protein coding transcript for this gene,,,,,,,,,,,,,,,,,,,,,,,,,,,,,,,,,,,,HSP90AA2P,,,,,,,,,,,,,,,,,,,,,,,,,,,,,,,,,,,,,,,,,,,,,,,,,,,,,,,,,,,,,,,,,,,,,,,,,,,,,,,,
0,P83110,P83110-1(*),ENSG00000170801,ENSP00000303766,ENST00000307358(*),NM_053044(MANE),"2P3W,4RI0",,,,,,,,,,,,,,,,,,,,,,,,,,,,,,,HTRA3,,,,,,,,,,,,,,,,,,,,,,,,,,,,,,,,,,,,,,,,,,,,,,,,,,,,,,,,,,,,,,,,,,,,,,,,,,,,,,,
1,P83110,P83110-2,ENSG00000170801,ENSP00000371952,ENST00000382512,NM_001297559,,,,,,,,,,,,,,,,,,,,,,,,,,,,,,,,HTRA3,,,,,,,,,,,,,,,,,,,,,,,,,,,,,,,,,,,,,,,,,,,,,,,,,,,,,,,,,,,,,,,,,,,,,,,,,,,,,,,
0,Q92743,Q92743(*),ENSG00000166033,ENSP00000357980,ENST00000368984(*),NM_002775(MANE),"2JOA,2YTW,3NUM,3NWU,3NZI,3TJN,3TJO,3TJQ,6Z0E,6Z0X,6Z0Y,7SJN,7SJO,7SJP,8SDM,8SDP,8SE7,8SE8",,,,,,,,,,,,,,,,,,,,,,,,,,,,,,,,HTRA1,,,,,,,,,,,,,,,,,,,,,,,,,,,,,,,,,,,,,,,,,,,,,,,,,,,,,,,,,,,,,,,,,,,,,,,,,,,,,,
0,Q01534,Q01534-1(*),ENSG00000258992,ENSP00000403304,ENST00000451548(*),NM_001320964,not-available,,,,,,,,,,,,,,,,,,,,,,,,,,,,,,,,,TSPY1,,,,,,,,,,,,,,,,,,,,,,,,,,,,,,,,,,,,,,,,,,,,,,,,,,,,,,,,,,,,,,,,,,,,,,,,,,,,,
1,Q01534,Q01534-1(*),ENSG00000258992,ENSP00000403304,ENST00000451548(*),NM_003308(MANE),not-available,,,,,,,,,,,,,,,,,,,,,,,,,,,,,,,,,TSPY1,,,,,,,,,,,,,,,,,,,,,,,,,,,,,,,,,,,,,,,,,,,,,,,,,,,,,,,,,,,,,,,,,,,,,,,,,,,,,
2,Q01534,Q01534-2,ENSG00000258992,ENSP00000389324,ENST00000423647,NM_001197242,,,,,,,,,,,,,,,,,,,,,,,,,,,,,,,,,,TSPY1,,,,,,,,,,,,,,,,,,,,,,,,,,,,,,,,,,,,,,,,,,,,,,,,,,,,,,,,,,,,,,,,,,,,,,,,,,,,,
3,Q01534,not-assigned,ENSG00000228927,ENSP00000398163,ENST00000457222(*),NM_001077697(MANE),,,,,,,,,,,,,,,,,,,,,,,,,,,,,,,,,,TSPY1,,,,,,,,,,,,,,,,,,,,,,,,,,,,,,,,,,,,,,,,,,,,,,,,,,,,,,,,,,,,,,,,,,,,,,,,,,,,,
4,Q01534,not-assigned,ENSG00000236424,ENSP00000406407,ENST00000428845(*),NM_001282469(MANE),,,,,,,,,,,,,,,,,,,,,,,,,,,,,,,,,,TSPY1,,,,,,,,,,,,,,,,,,,,,,,,,,,,,,,,,,,,,,,,,,,,,,,,,,,,,,,,,,,,,,,,,,,,,,,,,,,,,
0,A6NKD2,A6NKD2(*),ENSG00000168757,ENSP00000314077,ENST00000320701(*),NM_022573(MANE),not-available,,,,,,,,,,,,,,,,,,,,,,,,,,,,,,,,,,TSPY2,,,,,,,,,,,,,,,,,,,,,,,,,,,,,,,,,,,,,,,,,,,,,,,,,,,,,,,,,,,,,,,,,,,,,,,,,,,,
0,P0CV98,P0CV98(*),ENSG00000228927,ENSP00000398163,ENST00000457222(*),NM_001077697(MANE),not-available,,,,,,,,,,,,,,,,,,,,,,,,,,,,,,,,,,,TSPY3,,,,,,,,,,,,,,,,,,,,,,,,,,,,,,,,,,,,,,,,,,,,,,,,,,,,,,,,,,,,,,,,,,,,,,,,,,,
1,P0CV98,not-assigned,ENSG00000236424,ENSP00000406407,ENST00000428845(*),NM_001282469(MANE),,,,,,,,,,,,,,,,,,,,,,,,,,,,,,,,,,,,TSPY3,,,,,,,,,,,,,,,,,,,,,,,,,,,,,,,,,,,,,,,,,,,,,,,,,,,,,,,,,,,,,,,,,,,,,,,,,,,
0,P0CV99,P0CV99(*),ENSG00000233803,ENSP00000399668,ENST00000426950(*),NM_001164471(MANE),not-available,,,,,,,,,,,,,,,,,,,,,,,,,,,,,,,,,,,,TSPY4,,,,,,,,,,,,,,,,,,,,,,,,,,,,,,,,,,,,,,,,,,,,,,,,,,,,,,,,,,,,,,,,,,,,,,,,,,
1,P0CV99,not-assigned,ENSG00000291458,ENSP00000516920,ENST00000707597(*),NM_001164471,,,,,,,,,,,,,,,,,,,,,,,,,,,,,,,,,,,,,TSPY4,,,,,,,,,,,,,,,,,,,,,,,,,,,,,,,,,,,,,,,,,,,,,,,,,,,,,,,,,,,,,,,,,,,,,,,,,,
0,Q8N831,Q8N831(*),ENSG00000178021,ENSP00000417919,ENST00000317802(*),NM_001003937(MANE),not-available,,,,,,,,,,,,,,,,,,,,,,,,,,,,,,,,,,,,,TSPYL6,,,,,,,,,,,,,,,,,,,,,,,,,,,,,,,,,,,,,,,,,,,,,,,,,,,,,,,,,,,,,,,,,,,,,,,,,
0,P0CW00,P0CW00(*),ENSG00000229549,ENSP00000287721,ENST00000287721(*),NM_001243721(MANE),not-available,,,,,,,,,,,,,,,,,,,,,,,,,,,,,,,,,,,,,,TSPY8,,,,,,,,,,,,,,,,,,,,,,,,,,,,,,,,,,,,,,,,,,,,,,,,,,,,,,,,,,,,,,,,,,,,,,,,
1,P0CW00,not-assigned,ENSG00000291455,ENSP00000516917,ENST00000707589(*),NM_001243721,,,,,,,,,,,,,,,,,,,,,,,,,,,,,,,,,,,,,,,TSPY8,,,,,,,,,,,,,,,,,,,,,,,,,,,,,,,,,,,,,,,,,,,,,,,,,,,,,,,,,,,,,,,,,,,,,,,,
0,Q9H0U9,Q9H0U9(*),ENSG00000189241,ENSP00000357597,ENST00000368608(*),NM_003309(MANE),not-available,,,,,,,,,,,,,,,,,,,,,,,,,,,,,,,,,,,,,,,TSPYL1,,,,,,,,,,,,,,,,,,,,,,,,,,,,,,,,,,,,,,,,,,,,,,,,,,,,,,,,,,,,,,,,,,,,,,,
1,Q9H0U9,Q9H0U9(*),ENSG00000189241,ENSP00000498597,ENST00000652202,not-assigned,not-available,,,,,,,,,,,,,,,,,,,,,,,,,,,,,,,,,,,,,,,TSPYL1,,,,,,,,,,,,,,,,,,,,,,,,,,,,,,,,,,,,,,,,,,,,,,,,,,,,,,,,,,,,,,,,,,,,,,,
0,Q8N5M4,Q8N5M4-1(*),ENSG00000162222,ENSP00000325266,ENST00000316461(*),NM_001318812,not-available,,,,,,,,,,,,,,,,,,,,,,,,,,,,,,,,,,,,,,,,TTC9C,,,,,,,,,,,,,,,,,,,,,,,,,,,,,,,,,,,,,,,,,,,,,,,,,,,,,,,,,,,,,,,,,,,,,,
1,Q8N5M4,Q8N5M4-1(*),ENSG00000162222,ENSP00000325266,ENST00000316461(*),NM_001318813,not-available,,,,,,,,,,,,,,,,,,,,,,,,,,,,,,,,,,,,,,,,TTC9C,,,,,,,,,,,,,,,,,,,,,,,,,,,,,,,,,,,,,,,,,,,,,,,,,,,,,,,,,,,,,,,,,,,,,,
2,Q8N5M4,Q8N5M4-1(*),ENSG00000162222,ENSP00000325266,ENST00000316461(*),NM_173810(MANE),not-available,,,,,,,,,,,,,,,,,,,,,,,,,,,,,,,,,,,,,,,,TTC9C,,,,,,,,,,,,,,,,,,,,,,,,,,,,,,,,,,,,,,,,,,,,,,,,,,,,,,,,,,,,,,,,,,,,,,
3,Q8N5M4,Q8N5M4-1(*),ENSG00000162222,ENSP00000434340,ENST00000532583,not-assigned,not-available,,,,,,,,,,,,,,,,,,,,,,,,,,,,,,,,,,,,,,,,TTC9C,,,,,,,,,,,,,,,,,,,,,,,,,,,,,,,,,,,,,,,,,,,,,,,,,,,,,,,,,,,,,,,,,,,,,,
4,Q8N5M4,not-assigned,ENSG00000162222,ENSP00000434137,ENST00000532276,NM_001318814,,,,,,,,,,,,,,,,,,,,,,,,,,,,,,,,,,,,,,,,,TTC9C,,,,,,,,,,,,,,,,,,,,,,,,,,,,,,,,,,,,,,,,,,,,,,,,,,,,,,,,,,,,,,,,,,,,,,
5,Q8N5M4,not-assigned,ENSG00000162222,ENSP00000434137,ENST00000532276,NM_001318815,,,,,,,,,,,,,,,,,,,,,,,,,,,,,,,,,,,,,,,,,TTC9C,,,,,,,,,,,,,,,,,,,,,,,,,,,,,,,,,,,,,,,,,,,,,,,,,,,,,,,,,,,,,,,,,,,,,,
6,Q8N5M4,not-assigned,ENSG00000162222,ENSP00000434137,ENST00000532276,NM_001318816,,,,,,,,,,,,,,,,,,,,,,,,,,,,,,,,,,,,,,,,,TTC9C,,,,,,,,,,,,,,,,,,,,,,,,,,,,,,,,,,,,,,,,,,,,,,,,,,,,,,,,,,,,,,,,,,,,,,
0,Q9NXH8,Q9NXH8(*),ENSG00000198113,ENSP00000350102,ENST00000357503(*),NM_017723(MANE),not-available,,,,,,,,,,,,,,,,,,,,,,,,,,,,,,,,,,,,,,,,,TOR4A,,,,,,,,,,,,,,,,,,,,,,,,,,,,,,,,,,,,,,,,,,,,,,,,,,,,,,,,,,,,,,,,,,,,,
0,P0DME0,P0DME0(*),ENSG00000230667,ENSP00000480946,ENST00000596516(*),NM_001287737(MANE),not-available,,,,,,,,,,,,,,,,,,,,,,,,,,,,,,,,,,,,,,,,,,SETSIP,,,,,,,,,,,,,,,,,,,,,,,,,,,,,,,,,,,,,,,,,,,,,,,,,,,,,,,,,,,,,,,,,,,,
0,Q9UGP8,Q9UGP8(*),ENSG00000025796,ENSP00000357998,ENST00000369002(*),NM_007214(MANE),not-available,,,,,,,,,,,,,,,,,,,,,,,,,,,,,,,,,,,,,,,,,,,SEC63,,,,,,,,,,,,,,,,,,,,,,,,,,,,,,,,,,,,,,,,,,,,,,,,,,,,,,,,,,,,,,,,,,,
0,Q9Y6X1,Q9Y6X1(*),ENSG00000120742,ENSP00000239944,ENST00000239944(*),NM_014445(MANE),not-available,,,,,,,,,,,,,,,,,,,,,,,,,,,,,,,,,,,,,,,,,,,,SERP1,,,,,,,,,,,,,,,,,,,,,,,,,,,,,,,,,,,,,,,,,,,,,,,,,,,,,,,,,,,,,,,,,,
1,Q9Y6X1,Q9Y6X1(*),ENSG00000120742,ENSP00000420076,ENST00000479209,not-assigned,not-available,,,,,,,,,,,,,,,,,,,,,,,,,,,,,,,,,,,,,,,,,,,,SERP1,,,,,,,,,,,,,,,,,,,,,,,,,,,,,,,,,,,,,,,,,,,,,,,,,,,,,,,,,,,,,,,,,,
0,Q8N6R1,Q8N6R1(*),ENSG00000151778,ENSP00000368477,ENST00000379179(*),NM_001010897(MANE),not-available,,,,,,,,,,,,,,,,,,,,,,,,,,,,,,,,,,,,,,,,,,,,,SERP2,,,,,,,,,,,,,,,,,,,,,,,,,,,,,,,,,,,,,,,,,,,,,,,,,,,,,,,,,,,,,,,,,
1,Q8N6R1,Q8N6R1(*),ENSG00000151778,ENSP00000368477,ENST00000379179(*),NM_001346980,not-available,,,,,,,,,,,,,,,,,,,,,,,,,,,,,,,,,,,,,,,,,,,,,SERP2,,,,,,,,,,,,,,,,,,,,,,,,,,,,,,,,,,,,,,,,,,,,,,,,,,,,,,,,,,,,,,,,,
0,Q9Y228,Q9Y228-1(*),ENSG00000009790,ENSP00000355991,ENST00000367024,NM_001320143,not-available,,,,,,,,,,,,,,,,,,,,,,,,,,,,,,,,,,,,,,,,,,,,,,TRAF3IP3,,,,,,,,,,,,,,,,,,,,,,,,,,,,,,,,,,,,,,,,,,,,,,,,,,,,,,,,,,,,,,,,
1,Q9Y228,Q9Y228-1(*),ENSG00000009790,ENSP00000355992,ENST00000367025(*),NM_025228(MANE),not-available,,,,,,,,,,,,,,,,,,,,,,,,,,,,,,,,,,,,,,,,,,,,,,TRAF3IP3,,,,,,,,,,,,,,,,,,,,,,,,,,,,,,,,,,,,,,,,,,,,,,,,,,,,,,,,,,,,,,,,
2,Q9Y228,Q9Y228-2,ENSG00000009790,ENSP00000355993,ENST00000367026,NM_001320144,,,,,,,,,,,,,,,,,,,,,,,,,,,,,,,,,,,,,,,,,,,,,,,TRAF3IP3,,,,,,,,,,,,,,,,,,,,,,,,,,,,,,,,,,,,,,,,,,,,,,,,,,,,,,,,,,,,,,,,
3,Q9Y228,Q9Y228-3,ENSG00000009790,ENSP00000417665,ENST00000478359,not-assigned,,,,,,,,,,,,,,,,,,,,,,,,,,,,,,,,,,,,,,,,,,,,,,,TRAF3IP3,,,,,,,,,,,,,,,,,,,,,,,,,,,,,,,,,,,,,,,,,,,,,,,,,,,,,,,,,,,,,,,,
4,Q9Y228,not-assigned,ENSG00000009790,ENSP00000355990,ENST00000367023,NM_001287754,,,,,,,,,,,,,,,,,,,,,,,,,,,,,,,,,,,,,,,,,,,,,,,TRAF3IP3,,,,,,,,,,,,,,,,,,,,,,,,,,,,,,,,,,,,,,,,,,,,,,,,,,,,,,,,,,,,,,,,
0,P37840,P37840-1(*),ENSG00000145335,ENSP00000338345,ENST00000336904,NM_001146055,"1XQ8,2JN5,2KKW,2M55,2N0A,2X6M,3Q25,3Q26,3Q27,3Q28,3Q29,4BXL,4R0U,4R0W,4RIK,4RIL,4ZNN,5CRW,6A6B,6CT7,6CU7,6CU8,6H6B,6I42,6L1T,6L1U,6L4S,6LRQ,6OSJ,6OSL,6OSM,6PEO,6PES,6RT0,6RTB,6SST,6SSX,6UFR,6XYO,6XYP,6XYQ,7C1D,7E0F,7L7H,7LC9,7NCA,7NCG,7NCH,7NCI,7NCJ,7NCK,7OZG,7OZH,7STX,7UAK,7V47,7V48,7V49,7V4A,7V4B,7V4C,7V4D,7WMM,7WNZ,7WO0,7XJX,7XO0,7XO1,7XO2,7XO3,7YK2,7YK8,7YNF,7YNG,7YNL,7YNM,7YNN,7YNO,7YNP,7YNQ,7YNR,7YNS,7YNT,8A4L,8A9L,8ADS,8ADU,8ADV,8ADW,8AEX,8B9V,8BQV,8BQW,8CE7,8CEB,8CYR,8CYS,8CYT,8CYV,8CYW,8CYX,8CYY,8CZ0,8CZ1,8CZ2,8CZ3,8CZ6,8FPT,8G0L,8GF7,8H03,8H04,8H05,8HZB,8HZC,8HZS,8JEX,8JEY,8JJV,8JLY,8OG0,8OJR,8OL8,8OQI,8PIX,8PJO,8PK2,8PK4,8QPZ,8RI9,8RQM,8RRR,8UKA,8X7L,8X7M,8X7O,8X7P,8X7Q,8X7R,8ZLI,8ZLO,8ZLP,8ZMY,8ZWH,8ZWI,8ZWJ,8ZWK,9CK3,9CX6,9EUU,9FYP,9IJP",,,,,,,,,,,,,,,,,,,,,,,,,,,,,,,,,,,,,,,,,,,,,,,SNCA,,,,,,,,,,,,,,,,,,,,,,,,,,,,,,,,,,,,,,,,,,,,,,,,,,,,,,,,,,,,,,,
1,P37840,P37840-1(*),ENSG00000145335,ENSP00000338345,ENST00000336904,NM_001375285,"1XQ8,2JN5,2KKW,2M55,2N0A,2X6M,3Q25,3Q26,3Q27,3Q28,3Q29,4BXL,4R0U,4R0W,4RIK,4RIL,4ZNN,5CRW,6A6B,6CT7,6CU7,6CU8,6H6B,6I42,6L1T,6L1U,6L4S,6LRQ,6OSJ,6OSL,6OSM,6PEO,6PES,6RT0,6RTB,6SST,6SSX,6UFR,6XYO,6XYP,6XYQ,7C1D,7E0F,7L7H,7LC9,7NCA,7NCG,7NCH,7NCI,7NCJ,7NCK,7OZG,7OZH,7STX,7UAK,7V47,7V48,7V49,7V4A,7V4B,7V4C,7V4D,7WMM,7WNZ,7WO0,7XJX,7XO0,7XO1,7XO2,7XO3,7YK2,7YK8,7YNF,7YNG,7YNL,7YNM,7YNN,7YNO,7YNP,7YNQ,7YNR,7YNS,7YNT,8A4L,8A9L,8ADS,8ADU,8ADV,8ADW,8AEX,8B9V,8BQV,8BQW,8CE7,8CEB,8CYR,8CYS,8CYT,8CYV,8CYW,8CYX,8CYY,8CZ0,8CZ1,8CZ2,8CZ3,8CZ6,8FPT,8G0L,8GF7,8H03,8H04,8H05,8HZB,8HZC,8HZS,8JEX,8JEY,8JJV,8JLY,8OG0,8OJR,8OL8,8OQI,8PIX,8PJO,8PK2,8PK4,8QPZ,8RI9,8RQM,8RRR,8UKA,8X7L,8X7M,8X7O,8X7P,8X7Q,8X7R,8ZLI,8ZLO,8ZLP,8ZMY,8ZWH,8ZWI,8ZWJ,8ZWK,9CK3,9CX6,9EUU,9FYP,9IJP",,,,,,,,,,,,,,,,,,,,,,,,,,,,,,,,,,,,,,,,,,,,,,,SNCA,,,,,,,,,,,,,,,,,,,,,,,,,,,,,,,,,,,,,,,,,,,,,,,,,,,,,,,,,,,,,,,
2,P37840,P37840-1(*),ENSG00000145335,ENSP00000378437,ENST00000394986,not-assigned,"1XQ8,2JN5,2KKW,2M55,2N0A,2X6M,3Q25,3Q26,3Q27,3Q28,3Q29,4BXL,4R0U,4R0W,4RIK,4RIL,4ZNN,5CRW,6A6B,6CT7,6CU7,6CU8,6H6B,6I42,6L1T,6L1U,6L4S,6LRQ,6OSJ,6OSL,6OSM,6PEO,6PES,6RT0,6RTB,6SST,6SSX,6UFR,6XYO,6XYP,6XYQ,7C1D,7E0F,7L7H,7LC9,7NCA,7NCG,7NCH,7NCI,7NCJ,7NCK,7OZG,7OZH,7STX,7UAK,7V47,7V48,7V49,7V4A,7V4B,7V4C,7V4D,7WMM,7WNZ,7WO0,7XJX,7XO0,7XO1,7XO2,7XO3,7YK2,7YK8,7YNF,7YNG,7YNL,7YNM,7YNN,7YNO,7YNP,7YNQ,7YNR,7YNS,7YNT,8A4L,8A9L,8ADS,8ADU,8ADV,8ADW,8AEX,8B9V,8BQV,8BQW,8CE7,8CEB,8CYR,8CYS,8CYT,8CYV,8CYW,8CYX,8CYY,8CZ0,8CZ1,8CZ2,8CZ3,8CZ6,8FPT,8G0L,8GF7,8H03,8H04,8H05,8HZB,8HZC,8HZS,8JEX,8JEY,8JJV,8JLY,8OG0,8OJR,8OL8,8OQI,8PIX,8PJO,8PK2,8PK4,8QPZ,8RI9,8RQM,8RRR,8UKA,8X7L,8X7M,8X7O,8X7P,8X7Q,8X7R,8ZLI,8ZLO,8ZLP,8ZMY,8ZWH,8ZWI,8ZWJ,8ZWK,9CK3,9CX6,9EUU,9FYP,9IJP",,,,,,,,,,,,,,,,,,,,,,,,,,,,,,,,,,,,,,,,,,,,,,,SNCA,,,,,,,,,,,,,,,,,,,,,,,,,,,,,,,,,,,,,,,,,,,,,,,,,,,,,,,,,,,,,,,
3,P37840,P37840-1(*),ENSG00000145335,ENSP00000378442,ENST00000394991(*),NM_000345(MANE),"1XQ8,2JN5,2KKW,2M55,2N0A,2X6M,3Q25,3Q26,3Q27,3Q28,3Q29,4BXL,4R0U,4R0W,4RIK,4RIL,4ZNN,5CRW,6A6B,6CT7,6CU7,6CU8,6H6B,6I42,6L1T,6L1U,6L4S,6LRQ,6OSJ,6OSL,6OSM,6PEO,6PES,6RT0,6RTB,6SST,6SSX,6UFR,6XYO,6XYP,6XYQ,7C1D,7E0F,7L7H,7LC9,7NCA,7NCG,7NCH,7NCI,7NCJ,7NCK,7OZG,7OZH,7STX,7UAK,7V47,7V48,7V49,7V4A,7V4B,7V4C,7V4D,7WMM,7WNZ,7WO0,7XJX,7XO0,7XO1,7XO2,7XO3,7YK2,7YK8,7YNF,7YNG,7YNL,7YNM,7YNN,7YNO,7YNP,7YNQ,7YNR,7YNS,7YNT,8A4L,8A9L,8ADS,8ADU,8ADV,8ADW,8AEX,8B9V,8BQV,8BQW,8CE7,8CEB,8CYR,8CYS,8CYT,8CYV,8CYW,8CYX,8CYY,8CZ0,8CZ1,8CZ2,8CZ3,8CZ6,8FPT,8G0L,8GF7,8H03,8H04,8H05,8HZB,8HZC,8HZS,8JEX,8JEY,8JJV,8JLY,8OG0,8OJR,8OL8,8OQI,8PIX,8PJO,8PK2,8PK4,8QPZ,8RI9,8RQM,8RRR,8UKA,8X7L,8X7M,8X7O,8X7P,8X7Q,8X7R,8ZLI,8ZLO,8ZLP,8ZMY,8ZWH,8ZWI,8ZWJ,8ZWK,9CK3,9CX6,9EUU,9FYP,9IJP",,,,,,,,,,,,,,,,,,,,,,,,,,,,,,,,,,,,,,,,,,,,,,,SNCA,,,,,,,,,,,,,,,,,,,,,,,,,,,,,,,,,,,,,,,,,,,,,,,,,,,,,,,,,,,,,,,
4,P37840,P37840-1(*),ENSG00000145335,ENSP00000378442,ENST00000394991(*),NM_001146054,"1XQ8,2JN5,2KKW,2M55,2N0A,2X6M,3Q25,3Q26,3Q27,3Q28,3Q29,4BXL,4R0U,4R0W,4RIK,4RIL,4ZNN,5CRW,6A6B,6CT7,6CU7,6CU8,6H6B,6I42,6L1T,6L1U,6L4S,6LRQ,6OSJ,6OSL,6OSM,6PEO,6PES,6RT0,6RTB,6SST,6SSX,6UFR,6XYO,6XYP,6XYQ,7C1D,7E0F,7L7H,7LC9,7NCA,7NCG,7NCH,7NCI,7NCJ,7NCK,7OZG,7OZH,7STX,7UAK,7V47,7V48,7V49,7V4A,7V4B,7V4C,7V4D,7WMM,7WNZ,7WO0,7XJX,7XO0,7XO1,7XO2,7XO3,7YK2,7YK8,7YNF,7YNG,7YNL,7YNM,7YNN,7YNO,7YNP,7YNQ,7YNR,7YNS,7YNT,8A4L,8A9L,8ADS,8ADU,8ADV,8ADW,8AEX,8B9V,8BQV,8BQW,8CE7,8CEB,8CYR,8CYS,8CYT,8CYV,8CYW,8CYX,8CYY,8CZ0,8CZ1,8CZ2,8CZ3,8CZ6,8FPT,8G0L,8GF7,8H03,8H04,8H05,8HZB,8HZC,8HZS,8JEX,8JEY,8JJV,8JLY,8OG0,8OJR,8OL8,8OQI,8PIX,8PJO,8PK2,8PK4,8QPZ,8RI9,8RQM,8RRR,8UKA,8X7L,8X7M,8X7O,8X7P,8X7Q,8X7R,8ZLI,8ZLO,8ZLP,8ZMY,8ZWH,8ZWI,8ZWJ,8ZWK,9CK3,9CX6,9EUU,9FYP,9IJP",,,,,,,,,,,,,,,,,,,,,,,,,,,,,,,,,,,,,,,,,,,,,,,SNCA,,,,,,,,,,,,,,,,,,,,,,,,,,,,,,,,,,,,,,,,,,,,,,,,,,,,,,,,,,,,,,,
5,P37840,P37840-1(*),ENSG00000145335,ENSP00000378442,ENST00000394991(*),NM_001375286,"1XQ8,2JN5,2KKW,2M55,2N0A,2X6M,3Q25,3Q26,3Q27,3Q28,3Q29,4BXL,4R0U,4R0W,4RIK,4RIL,4ZNN,5CRW,6A6B,6CT7,6CU7,6CU8,6H6B,6I42,6L1T,6L1U,6L4S,6LRQ,6OSJ,6OSL,6OSM,6PEO,6PES,6RT0,6RTB,6SST,6SSX,6UFR,6XYO,6XYP,6XYQ,7C1D,7E0F,7L7H,7LC9,7NCA,7NCG,7NCH,7NCI,7NCJ,7NCK,7OZG,7OZH,7STX,7UAK,7V47,7V48,7V49,7V4A,7V4B,7V4C,7V4D,7WMM,7WNZ,7WO0,7XJX,7XO0,7XO1,7XO2,7XO3,7YK2,7YK8,7YNF,7YNG,7YNL,7YNM,7YNN,7YNO,7YNP,7YNQ,7YNR,7YNS,7YNT,8A4L,8A9L,8ADS,8ADU,8ADV,8ADW,8AEX,8B9V,8BQV,8BQW,8CE7,8CEB,8CYR,8CYS,8CYT,8CYV,8CYW,8CYX,8CYY,8CZ0,8CZ1,8CZ2,8CZ3,8CZ6,8FPT,8G0L,8GF7,8H03,8H04,8H05,8HZB,8HZC,8HZS,8JEX,8JEY,8JJV,8JLY,8OG0,8OJR,8OL8,8OQI,8PIX,8PJO,8PK2,8PK4,8QPZ,8RI9,8RQM,8RRR,8UKA,8X7L,8X7M,8X7O,8X7P,8X7Q,8X7R,8ZLI,8ZLO,8ZLP,8ZMY,8ZWH,8ZWI,8ZWJ,8ZWK,9CK3,9CX6,9EUU,9FYP,9IJP",,,,,,,,,,,,,,,,,,,,,,,,,,,,,,,,,,,,,,,,,,,,,,,SNCA,,,,,,,,,,,,,,,,,,,,,,,,,,,,,,,,,,,,,,,,,,,,,,,,,,,,,,,,,,,,,,,
6,P37840,P37840-1(*),ENSG00000145335,ENSP00000422238,ENST00000506244,not-assigned,"1XQ8,2JN5,2KKW,2M55,2N0A,2X6M,3Q25,3Q26,3Q27,3Q28,3Q29,4BXL,4R0U,4R0W,4RIK,4RIL,4ZNN,5CRW,6A6B,6CT7,6CU7,6CU8,6H6B,6I42,6L1T,6L1U,6L4S,6LRQ,6OSJ,6OSL,6OSM,6PEO,6PES,6RT0,6RTB,6SST,6SSX,6UFR,6XYO,6XYP,6XYQ,7C1D,7E0F,7L7H,7LC9,7NCA,7NCG,7NCH,7NCI,7NCJ,7NCK,7OZG,7OZH,7STX,7UAK,7V47,7V48,7V49,7V4A,7V4B,7V4C,7V4D,7WMM,7WNZ,7WO0,7XJX,7XO0,7XO1,7XO2,7XO3,7YK2,7YK8,7YNF,7YNG,7YNL,7YNM,7YNN,7YNO,7YNP,7YNQ,7YNR,7YNS,7YNT,8A4L,8A9L,8ADS,8ADU,8ADV,8ADW,8AEX,8B9V,8BQV,8BQW,8CE7,8CEB,8CYR,8CYS,8CYT,8CYV,8CYW,8CYX,8CYY,8CZ0,8CZ1,8CZ2,8CZ3,8CZ6,8FPT,8G0L,8GF7,8H03,8H04,8H05,8HZB,8HZC,8HZS,8JEX,8JEY,8JJV,8JLY,8OG0,8OJR,8OL8,8OQI,8PIX,8PJO,8PK2,8PK4,8QPZ,8RI9,8RQM,8RRR,8UKA,8X7L,8X7M,8X7O,8X7P,8X7Q,8X7R,8ZLI,8ZLO,8ZLP,8ZMY,8ZWH,8ZWI,8ZWJ,8ZWK,9CK3,9CX6,9EUU,9FYP,9IJP",,,,,,,,,,,,,,,,,,,,,,,,,,,,,,,,,,,,,,,,,,,,,,,SNCA,,,,,,,,,,,,,,,,,,,,,,,,,,,,,,,,,,,,,,,,,,,,,,,,,,,,,,,,,,,,,,,
7,P37840,P37840-1(*),ENSG00000145335,ENSP00000426955,ENST00000508895,NM_001375288,"1XQ8,2JN5,2KKW,2M55,2N0A,2X6M,3Q25,3Q26,3Q27,3Q28,3Q29,4BXL,4R0U,4R0W,4RIK,4RIL,4ZNN,5CRW,6A6B,6CT7,6CU7,6CU8,6H6B,6I42,6L1T,6L1U,6L4S,6LRQ,6OSJ,6OSL,6OSM,6PEO,6PES,6RT0,6RTB,6SST,6SSX,6UFR,6XYO,6XYP,6XYQ,7C1D,7E0F,7L7H,7LC9,7NCA,7NCG,7NCH,7NCI,7NCJ,7NCK,7OZG,7OZH,7STX,7UAK,7V47,7V48,7V49,7V4A,7V4B,7V4C,7V4D,7WMM,7WNZ,7WO0,7XJX,7XO0,7XO1,7XO2,7XO3,7YK2,7YK8,7YNF,7YNG,7YNL,7YNM,7YNN,7YNO,7YNP,7YNQ,7YNR,7YNS,7YNT,8A4L,8A9L,8ADS,8ADU,8ADV,8ADW,8AEX,8B9V,8BQV,8BQW,8CE7,8CEB,8CYR,8CYS,8CYT,8CYV,8CYW,8CYX,8CYY,8CZ0,8CZ1,8CZ2,8CZ3,8CZ6,8FPT,8G0L,8GF7,8H03,8H04,8H05,8HZB,8HZC,8HZS,8JEX,8JEY,8JJV,8JLY,8OG0,8OJR,8OL8,8OQI,8PIX,8PJO,8PK2,8PK4,8QPZ,8RI9,8RQM,8RRR,8UKA,8X7L,8X7M,8X7O,8X7P,8X7Q,8X7R,8ZLI,8ZLO,8ZLP,8ZMY,8ZWH,8ZWI,8ZWJ,8ZWK,9CK3,9CX6,9EUU,9FYP,9IJP",,,,,,,,,,,,,,,,,,,,,,,,,,,,,,,,,,,,,,,,,,,,,,,SNCA,,,,,,,,,,,,,,,,,,,,,,,,,,,,,,,,,,,,,,,,,,,,,,,,,,,,,,,,,,,,,,,
8,P37840,P37840-1(*),ENSG00000145335,ENSP00000500990,ENST00000673718,NM_001375287,"1XQ8,2JN5,2KKW,2M55,2N0A,2X6M,3Q25,3Q26,3Q27,3Q28,3Q29,4BXL,4R0U,4R0W,4RIK,4RIL,4ZNN,5CRW,6A6B,6CT7,6CU7,6CU8,6H6B,6I42,6L1T,6L1U,6L4S,6LRQ,6OSJ,6OSL,6OSM,6PEO,6PES,6RT0,6RTB,6SST,6SSX,6UFR,6XYO,6XYP,6XYQ,7C1D,7E0F,7L7H,7LC9,7NCA,7NCG,7NCH,7NCI,7NCJ,7NCK,7OZG,7OZH,7STX,7UAK,7V47,7V48,7V49,7V4A,7V4B,7V4C,7V4D,7WMM,7WNZ,7WO0,7XJX,7XO0,7XO1,7XO2,7XO3,7YK2,7YK8,7YNF,7YNG,7YNL,7YNM,7YNN,7YNO,7YNP,7YNQ,7YNR,7YNS,7YNT,8A4L,8A9L,8ADS,8ADU,8ADV,8ADW,8AEX,8B9V,8BQV,8BQW,8CE7,8CEB,8CYR,8CYS,8CYT,8CYV,8CYW,8CYX,8CYY,8CZ0,8CZ1,8CZ2,8CZ3,8CZ6,8FPT,8G0L,8GF7,8H03,8H04,8H05,8HZB,8HZC,8HZS,8JEX,8JEY,8JJV,8JLY,8OG0,8OJR,8OL8,8OQI,8PIX,8PJO,8PK2,8PK4,8QPZ,8RI9,8RQM,8RRR,8UKA,8X7L,8X7M,8X7O,8X7P,8X7Q,8X7R,8ZLI,8ZLO,8ZLP,8ZMY,8ZWH,8ZWI,8ZWJ,8ZWK,9CK3,9CX6,9EUU,9FYP,9IJP",,,,,,,,,,,,,,,,,,,,,,,,,,,,,,,,,,,,,,,,,,,,,,,SNCA,,,,,,,,,,,,,,,,,,,,,,,,,,,,,,,,,,,,,,,,,,,,,,,,,,,,,,,,,,,,,,,
9,P37840,P37840-2,ENSG00000145335,ENSP00000343683,ENST00000345009,not-assigned,,,,,,,,,,,,,,,,,,,,,,,,,,,,,,,,,,,,,,,,,,,,,,,,SNCA,,,,,,,,,,,,,,,,,,,,,,,,,,,,,,,,,,,,,,,,,,,,,,,,,,,,,,,,,,,,,,,
10,P37840,P37840-2,ENSG00000145335,ENSP00000396241,ENST00000420646,NM_007308,,,,,,,,,,,,,,,,,,,,,,,,,,,,,,,,,,,,,,,,,,,,,,,,SNCA,,,,,,,,,,,,,,,,,,,,,,,,,,,,,,,,,,,,,,,,,,,,,,,,,,,,,,,,,,,,,,,
11,P37840,P37840-3,ENSG00000145335,ENSP00000378440,ENST00000394989,not-assigned,,,,,,,,,,,,,,,,,,,,,,,,,,,,,,,,,,,,,,,,,,,,,,,,SNCA,,,,,,,,,,,,,,,,,,,,,,,,,,,,,,,,,,,,,,,,,,,,,,,,,,,,,,,,,,,,,,,
12,P37840,P37840-3,ENSG00000145335,ENSP00000421485,ENST00000505199,not-assigned,,,,,,,,,,,,,,,,,,,,,,,,,,,,,,,,,,,,,,,,,,,,,,,,SNCA,,,,,,,,,,,,,,,,,,,,,,,,,,,,,,,,,,,,,,,,,,,,,,,,,,,,,,,,,,,,,,,
13,P37840,P37840-3,ENSG00000145335,ENSP00000484044,ENST00000618500,not-assigned,,,,,,,,,,,,,,,,,,,,,,,,,,,,,,,,,,,,,,,,,,,,,,,,SNCA,,,,,,,,,,,,,,,,,,,,,,,,,,,,,,,,,,,,,,,,,,,,,,,,,,,,,,,,,,,,,,,
0,Q9BTW9,Q9BTW9-1(*),ENSG00000141556,ENSP00000347719,ENST00000355528(*),NM_005993(MANE),not-available,,,,,,,,,,,,,,,,,,,,,,,,,,,,,,,,,,,,,,,,,,,,,,,,TBCD,,,,,,,,,,,,,,,,,,,,,,,,,,,,,,,,,,,,,,,,,,,,,,,,,,,,,,,,,,,,,,
1,Q9BTW9,not-assigned,ENSG00000278759,ENSP00000487976,ENST00000633825,NM_005993,,,,,,,,,,,,,,,,,,,,,,,,,,,,,,,,,,,,,,,,,,,,,,,,,TBCD,,,,,,,,,,,,,,,,,,,,,,,,,,,,,,,,,,,,,,,,,,,,,,,,,,,,,,,,,,,,,,
0,Q5QJ74,Q5QJ74(*),ENSG00000154114,ENSP00000403925,ENST00000422003,NM_001130047,not-available,,,,,,,,,,,,,,,,,,,,,,,,,,,,,,,,,,,,,,,,,,,,,,,,,TBCEL,,,,,,,,,,,,,,,,,,,,,,,,,,,,,,,,,,,,,,,,,,,,,,,,,,,,,,,,,,,,,
1,Q5QJ74,Q5QJ74(*),ENSG00000154114,ENSP00000403925,ENST00000422003,NM_152715,not-available,,,,,,,,,,,,,,,,,,,,,,,,,,,,,,,,,,,,,,,,,,,,,,,,,TBCEL,,,,,,,,,,,,,,,,,,,,,,,,,,,,,,,,,,,,,,,,,,,,,,,,,,,,,,,,,,,,,
2,Q5QJ74,Q5QJ74(*),ENSG00000154114,ENSP00000437184,ENST00000529397,not-assigned,not-available,,,,,,,,,,,,,,,,,,,,,,,,,,,,,,,,,,,,,,,,,,,,,,,,,TBCEL,,,,,,,,,,,,,,,,,,,,,,,,,,,,,,,,,,,,,,,,,,,,,,,,,,,,,,,,,,,,,
3,Q5QJ74,Q5QJ74(*),ENSG00000154114,ENSP00000507873,ENST00000683345(*),NM_001363644(MANE),not-available,,,,,,,,,,,,,,,,,,,,,,,,,,,,,,,,,,,,,,,,,,,,,,,,,TBCEL,,,,,,,,,,,,,,,,,,,,,,,,,,,,,,,,,,,,,,,,,,,,,,,,,,,,,,,,,,,,,
0,Q15813,Q15813-1(*),ENSG00000284770,ENSP00000384571,ENST00000406207,not-assigned,"4ICU,4ICV",,,,,,,,,,,,,,,,,,,,,,,,,,,,,,,,,,,,,,,,,,,,,,,,,,TBCE,,,,,,,,,,,,,,,,,,,,,,,,,,,,,,,,,,,,,,,,,,,,,,,,,,,,,,,,,,,,
1,Q15813,Q15813-1(*),ENSG00000284770,ENSP00000494796,ENST00000642610(*),NM_001079515,"4ICU,4ICV",,,,,,,,,,,,,,,,,,,,,,,,,,,,,,,,,,,,,,,,,,,,,,,,,,TBCE,,,,,,,,,,,,,,,,,,,,,,,,,,,,,,,,,,,,,,,,,,,,,,,,,,,,,,,,,,,,
2,Q15813,Q15813-1(*),ENSG00000284770,ENSP00000494796,ENST00000642610(*),NM_003193(MANE),"4ICU,4ICV",,,,,,,,,,,,,,,,,,,,,,,,,,,,,,,,,,,,,,,,,,,,,,,,,,TBCE,,,,,,,,,,,,,,,,,,,,,,,,,,,,,,,,,,,,,,,,,,,,,,,,,,,,,,,,,,,,
3,Q15813,Q15813-1(*),ENSG00000285053,ENSP00000494319,ENST00000645351,not-assigned,"4ICU,4ICV",,,,,,,,,,,,,,,,,,,,,,,,,,,,,,,,,,,,,,,,,,,,,,,,,,TBCE,,,,,,,,,,,,,,,,,,,,,,,,,,,,,,,,,,,,,,,,,,,,,,,,,,,,,,,,,,,,
4,Q15813,Q15813-1(*),ENSG00000285053,ENSP00000494575,ENST00000646624,not-assigned,"4ICU,4ICV",,,,,,,,,,,,,,,,,,,,,,,,,,,,,,,,,,,,,,,,,,,,,,,,,,TBCE,,,,,,,,,,,,,,,,,,,,,,,,,,,,,,,,,,,,,,,,,,,,,,,,,,,,,,,,,,,,
5,Q15813,Q15813-1(*),ENSG00000285053,ENSP00000494775,ENST00000647186,not-assigned,"4ICU,4ICV",,,,,,,,,,,,,,,,,,,,,,,,,,,,,,,,,,,,,,,,,,,,,,,,,,TBCE,,,,,,,,,,,,,,,,,,,,,,,,,,,,,,,,,,,,,,,,,,,,,,,,,,,,,,,,,,,,
6,Q15813,Q15813-1(*),ENSG00000285053,ENSP00000495202,ENST00000645655(*),not-assigned,"4ICU,4ICV",,,,,,,,,,,,,,,,,,,,,,,,,,,,,,,,,,,,,,,,,,,,,,,,,,TBCE,,,,,,,,,,,,,,,,,,,,,,,,,,,,,,,,,,,,,,,,,,,,,,,,,,,,,,,,,,,,
7,Q15813,Q15813-1(*),ENSG00000285053,ENSP00000495823,ENST00000645205,not-assigned,"4ICU,4ICV",,,,,,,,,,,,,,,,,,,,,,,,,,,,,,,,,,,,,,,,,,,,,,,,,,TBCE,,,,,,,,,,,,,,,,,,,,,,,,,,,,,,,,,,,,,,,,,,,,,,,,,,,,,,,,,,,,
8,Q15813,Q15813-2,ENSG00000284770,ENSP00000439170,ENST00000543662,NM_001287801,,,,,,,,,,,,,,,,,,,,,,,,,,,,,,,,,,,,,,,,,,,,,,,,,,,TBCE,,,,,,,,,,,,,,,,,,,,,,,,,,,,,,,,,,,,,,,,,,,,,,,,,,,,,,,,,,,,
9,Q15813,not-assigned,ENSG00000284770,ENSP00000498645,ENST00000651186,NM_001287802,,,,,,,,,,,,,,,,,,,,,,,,,,,,,,,,,,,,,,,,,,,,,,,,,,,TBCE,,,,,,,,,,,,,,,,,,,,,,,,,,,,,,,,,,,,,,,,,,,,,,,,,,,,,,,,,,,,
0,P48643,P48643-1(*),ENSG00000150753,ENSP00000280326,ENST00000280326(*),NM_012073(MANE),"5UYX,5UYZ,6NR8,6NR9,6NRA,6NRB,6NRC,6NRD,6QB8,7LUM,7LUP,7NVL,7NVM,7NVN,7NVO,7TRG,7TTN,7TTT,7TUB,7WU7,7WZ3,7X0A,7X0S,7X0V,7X3J,7X3U,7X6Q,7X7Y,8AJM,8AJO,8HKI,8I1U,8I9U,8IB8,8SFE,8SFF,8SG8,8SG9,8SGC,8SGL,8SGQ,8SH9,8SHA,8SHD,8SHE,8SHF,8SHG,8SHL,8SHN,8SHO,8SHP,8SHQ,8SHT",,,,,,,,,,,,,,,,,,,,,,,,,,,,,,,,,,,,,,,,,,,,,,,,,,,CCT5,,,,,,,,,,,,,,,,,,,,,,,,,,,,,,,,,,,,,,,,,,,,,,,,,,,,,,,,,,,
1,P48643,P48643-2,ENSG00000150753,ENSP00000423052,ENST00000506600,NM_001306155,,,,,,,,,,,,,,,,,,,,,,,,,,,,,,,,,,,,,,,,,,,,,,,,,,,,CCT5,,,,,,,,,,,,,,,,,,,,,,,,,,,,,,,,,,,,,,,,,,,,,,,,,,,,,,,,,,,
0,P40227,P40227-1(*),ENSG00000146731,ENSP00000275603,ENST00000275603(*),NM_001762(MANE),"6NR8,6NR9,6NRA,6NRB,6NRC,6NRD,6QB8,7LUM,7LUP,7NVL,7NVM,7NVN,7NVO,7TRG,7TTN,7TTT,7TUB,7WU7,7WZ3,7X0A,7X0S,7X0V,7X3J,7X3U,7X6Q,7X7Y,8HKI,8I1U,8I9U,8IB8,8SFE,8SFF,8SG8,8SG9,8SGC,8SGL,8SGQ,8SH9,8SHA,8SHD,8SHE,8SHF,8SHG,8SHL,8SHN,8SHO,8SHP,8SHQ,8SHT",,,,,,,,,,,,,,,,,,,,,,,,,,,,,,,,,,,,,,,,,,,,,,,,,,,,CCT6A,,,,,,,,,,,,,,,,,,,,,,,,,,,,,,,,,,,,,,,,,,,,,,,,,,,,,,,,,,
1,P40227,P40227-2,ENSG00000146731,ENSP00000352019,ENST00000335503,NM_001009186,,,,,,,,,,,,,,,,,,,,,,,,,,,,,,,,,,,,,,,,,,,,,,,,,,,,,CCT6A,,,,,,,,,,,,,,,,,,,,,,,,,,,,,,,,,,,,,,,,,,,,,,,,,,,,,,,,,,
0,Q99426,Q99426-1(*),ENSG00000105254,ENSP00000221855,ENST00000221855(*),NM_001281(MANE),not-available,,,,,,,,,,,,,,,,,,,,,,,,,,,,,,,,,,,,,,,,,,,,,,,,,,,,,TBCB,,,,,,,,,,,,,,,,,,,,,,,,,,,,,,,,,,,,,,,,,,,,,,,,,,,,,,,,,
1,Q99426,Q99426-2,ENSG00000105254,ENSP00000467487,ENST00000585746,NM_001300971,,,,,,,,,,,,,,,,,,,,,,,,,,,,,,,,,,,,,,,,,,,,,,,,,,,,,,TBCB,,,,,,,,,,,,,,,,,,,,,,,,,,,,,,,,,,,,,,,,,,,,,,,,,,,,,,,,,
0,Q96SF2,Q96SF2(*),ENSG00000198445,ENSP00000353048,ENST00000359963(*),NM_014406(MANE),not-available,,,,,,,,,,,,,,,,,,,,,,,,,,,,,,,,,,,,,,,,,,,,,,,,,,,,,,CCT8L2,,,,,,,,,,,,,,,,,,,,,,,,,,,,,,,,,,,,,,,,,,,,,,,,,,,,,,,,
0,Q92526,Q92526-1(*),ENSG00000132141,ENSP00000327191,ENST00000314144(*),NM_006584(MANE),not-available,,,,,,,,,,,,,,,,,,,,,,,,,,,,,,,,,,,,,,,,,,,,,,,,,,,,,,,CCT6B,,,,,,,,,,,,,,,,,,,,,,,,,,,,,,,,,,,,,,,,,,,,,,,,,,,,,,,
1,Q92526,Q92526-2,ENSG00000132141,ENSP00000400917,ENST00000436961,NM_001193530,,,,,,,,,,,,,,,,,,,,,,,,,,,,,,,,,,,,,,,,,,,,,,,,,,,,,,,,CCT6B,,,,,,,,,,,,,,,,,,,,,,,,,,,,,,,,,,,,,,,,,,,,,,,,,,,,,,,
2,Q92526,Q92526-3,ENSG00000132141,ENSP00000398044,ENST00000421975,NM_001193529,,,,,,,,,,,,,,,,,,,,,,,,,,,,,,,,,,,,,,,,,,,,,,,,,,,,,,,,CCT6B,,,,,,,,,,,,,,,,,,,,,,,,,,,,,,,,,,,,,,,,,,,,,,,,,,,,,,,
0,P50990,P50990-1(*),ENSG00000156261,ENSP00000286788,ENST00000286788(*),NM_001282908,"6NR8,6NR9,6NRA,6NRB,6NRC,6NRD,6QB8,7LUM,7LUP,7NVL,7NVM,7NVN,7NVO,7TRG,7TTN,7TTT,7TUB,7WU7,7WZ3,7X0A,7X0S,7X0V,7X3J,7X3U,7X6Q,7X7Y,8HKI,8I1U,8I9U,8IB8,8SFE,8SFF,8SG8,8SG9,8SGC,8SGL,8SGQ,8SH9,8SHA,8SHD,8SHE,8SHF,8SHG,8SHL,8SHN,8SHO,8SHP,8SHQ,8SHT",,,,,,,,,,,,,,,,,,,,,,,,,,,,,,,,,,,,,,,,,,,,,,,,,,,,,,,,CCT8,,,,,,,,,,,,,,,,,,,,,,,,,,,,,,,,,,,,,,,,,,,,,,,,,,,,,,
1,P50990,P50990-1(*),ENSG00000156261,ENSP00000286788,ENST00000286788(*),NM_006585(MANE),"6NR8,6NR9,6NRA,6NRB,6NRC,6NRD,6QB8,7LUM,7LUP,7NVL,7NVM,7NVN,7NVO,7TRG,7TTN,7TTT,7TUB,7WU7,7WZ3,7X0A,7X0S,7X0V,7X3J,7X3U,7X6Q,7X7Y,8HKI,8I1U,8I9U,8IB8,8SFE,8SFF,8SG8,8SG9,8SGC,8SGL,8SGQ,8SH9,8SHA,8SHD,8SHE,8SHF,8SHG,8SHL,8SHN,8SHO,8SHP,8SHQ,8SHT",,,,,,,,,,,,,,,,,,,,,,,,,,,,,,,,,,,,,,,,,,,,,,,,,,,,,,,,CCT8,,,,,,,,,,,,,,,,,,,,,,,,,,,,,,,,,,,,,,,,,,,,,,,,,,,,,,
2,P50990,P50990-2,ENSG00000156261,ENSP00000486921,ENST00000626972,NM_001282907,,,,,,,,,,,,,,,,,,,,,,,,,,,,,,,,,,,,,,,,,,,,,,,,,,,,,,,,,CCT8,,,,,,,,,,,,,,,,,,,,,,,,,,,,,,,,,,,,,,,,,,,,,,,,,,,,,,
3,P50990,P50990-3,ENSG00000156261,ENSP00000442730,ENST00000540844,NM_001282909,,,,,,,,,,,,,,,,,,,,,,,,,,,,,,,,,,,,,,,,,,,,,,,,,,,,,,,,,CCT8,,,,,,,,,,,,,,,,,,,,,,,,,,,,,,,,,,,,,,,,,,,,,,,,,,,,,,
4,P50990,not-assigned,ENSG00000291533,ENSP00000517017,ENST00000707884(*),NM_001282908,,,,,,,,,,,,,,,,,,,,,,,,,,,,,,,,,,,,,,,,,,,,,,,,,,,,,,,,,CCT8,,,,,,,,,,,,,,,,,,,,,,,,,,,,,,,,,,,,,,,,,,,,,,,,,,,,,,
5,P50990,not-assigned,ENSG00000291533,ENSP00000517017,ENST00000707884(*),NM_006585,,,,,,,,,,,,,,,,,,,,,,,,,,,,,,,,,,,,,,,,,,,,,,,,,,,,,,,,,CCT8,,,,,,,,,,,,,,,,,,,,,,,,,,,,,,,,,,,,,,,,,,,,,,,,,,,,,,
6,P50990,not-assigned,ENSG00000291533,ENSP00000517018,ENST00000707885,NM_001282907,,,,,,,,,,,,,,,,,,,,,,,,,,,,,,,,,,,,,,,,,,,,,,,,,,,,,,,,,CCT8,,,,,,,,,,,,,,,,,,,,,,,,,,,,,,,,,,,,,,,,,,,,,,,,,,,,,,
7,P50990,not-assigned,ENSG00000291533,ENSP00000517020,ENST00000707892,NM_001282909,,,,,,,,,,,,,,,,,,,,,,,,,,,,,,,,,,,,,,,,,,,,,,,,,,,,,,,,,CCT8,,,,,,,,,,,,,,,,,,,,,,,,,,,,,,,,,,,,,,,,,,,,,,,,,,,,,,
0,O75347,O75347-1(*),ENSG00000171530,ENSP00000369736,ENST00000380377(*),NM_004607(MANE),1H7C,,,,,,,,,,,,,,,,,,,,,,,,,,,,,,,,,,,,,,,,,,,,,,,,,,,,,,,,,TBCA,,,,,,,,,,,,,,,,,,,,,,,,,,,,,,,,,,,,,,,,,,,,,,,,,,,,,
1,O75347,O75347-2,ENSG00000171530,ENSP00000306362,ENST00000306388,NM_001297738,,,,,,,,,,,,,,,,,,,,,,,,,,,,,,,,,,,,,,,,,,,,,,,,,,,,,,,,,,TBCA,,,,,,,,,,,,,,,,,,,,,,,,,,,,,,,,,,,,,,,,,,,,,,,,,,,,,
0,P17987,P17987(*),ENSG00000120438,ENSP00000317334,ENST00000321394(*),NM_030752(MANE),"6NR8,6NR9,6NRA,6NRB,6NRC,6NRD,6QB8,7LUM,7LUP,7NVL,7NVM,7NVN,7NVO,7TRG,7TTN,7TTT,7TUB,7WU7,7WZ3,7X0A,7X0S,7X0V,7X3J,7X3U,7X6Q,7X7Y,8HKI,8I1U,8I9U,8IB8,8SFE,8SFF,8SG8,8SG9,8SGC,8SGL,8SGQ,8SH9,8SHA,8SHD,8SHE,8SHF,8SHG,8SHL,8SHN,8SHO,8SHP,8SHQ,8SHT",,,,,,,,,,,,,,,,,,,,,,,,,,,,,,,,,,,,,,,,,,,,,,,,,,,,,,,,,,TCP1,,,,,,,,,,,,,,,,,,,,,,,,,,,,,,,,,,,,,,,,,,,,,,,,,,,,
0,Q15814,Q15814(*),ENSG00000124659,ENSP00000361967,ENST00000372876(*),NM_003192(MANE),"2L3L,2YUH",,,,,,,,,,,,,,,,,,,,,,,,,,,,,,,,,,,,,,,,,,,,,,,,,,,,,,,,,,,TBCC,,,,,,,,,,,,,,,,,,,,,,,,,,,,,,,,,,,,,,,,,,,,,,,,,,,
0,Q01105,Q01105-1(*),ENSG00000119335,ENSP00000361777,ENST00000372692,NM_001122821,"2E50,7MTO",,,,,,,,,,,,,,,,,,,,,,,,,,,,,,,,,,,,,,,,,,,,,,,,,,,,,,,,,,,,SET,,,,,,,,,,,,,,,,,,,,,,,,,,,,,,,,,,,,,,,,,,,,,,,,,,
1,Q01105,Q01105-1(*),ENSG00000119335,ENSP00000509032,ENST00000686840,NM_001374326,"2E50,7MTO",,,,,,,,,,,,,,,,,,,,,,,,,,,,,,,,,,,,,,,,,,,,,,,,,,,,,,,,,,,,SET,,,,,,,,,,,,,,,,,,,,,,,,,,,,,,,,,,,,,,,,,,,,,,,,,,
2,Q01105,Q01105-2,ENSG00000119335,ENSP00000318012,ENST00000322030(*),NM_003011(MANE),,,,,,,,,,,,,,,,,,,,,,,,,,,,,,,,,,,,,,,,,,,,,,,,,,,,,,,,,,,,,SET,,,,,,,,,,,,,,,,,,,,,,,,,,,,,,,,,,,,,,,,,,,,,,,,,,
3,Q01105,Q01105-4,ENSG00000119335,ENSP00000387321,ENST00000409104,NM_001248000,,,,,,,,,,,,,,,,,,,,,,,,,,,,,,,,,,,,,,,,,,,,,,,,,,,,,,,,,,,,,SET,,,,,,,,,,,,,,,,,,,,,,,,,,,,,,,,,,,,,,,,,,,,,,,,,,
4,Q01105,not-assigned,ENSG00000119335,ENSP00000361771,ENST00000372686,NM_001248001,,,,,,,,,,,,,,,,,,,,,,,,,,,,,,,,,,,,,,,,,,,,,,,,,,,,,,,,,,,,,SET,,,,,,,,,,,,,,,,,,,,,,,,,,,,,,,,,,,,,,,,,,,,,,,,,,
0,Q14BN4,Q14BN4-1(*),ENSG00000163681,ENSP00000499241,ENST00000659705,NM_001304420,"6AKM,6AR0,6AR2",,,,,,,,,,,,,,,,,,,,,,,,,,,,,,,,,,,,,,,,,,,,,,,,,,,,,,,,,,,,,SLMAP,,,,,,,,,,,,,,,,,,,,,,,,,,,,,,,,,,,,,,,,,,,,,,,,,
1,Q14BN4,Q14BN4-2,ENSG00000163681,ENSP00000412945,ENST00000449503,NM_001304421,,,,,,,,,,,,,,,,,,,,,,,,,,,,,,,,,,,,,,,,,,,,,,,,,,,,,,,,,,,,,,SLMAP,,,,,,,,,,,,,,,,,,,,,,,,,,,,,,,,,,,,,,,,,,,,,,,,,
2,Q14BN4,Q14BN4-2,ENSG00000163681,ENSP00000412945,ENST00000449503,NM_001377557,,,,,,,,,,,,,,,,,,,,,,,,,,,,,,,,,,,,,,,,,,,,,,,,,,,,,,,,,,,,,,SLMAP,,,,,,,,,,,,,,,,,,,,,,,,,,,,,,,,,,,,,,,,,,,,,,,,,
3,Q14BN4,Q14BN4-3,ENSG00000163681,ENSP00000295951,ENST00000295951,NM_007159,,,,,,,,,,,,,,,,,,,,,,,,,,,,,,,,,,,,,,,,,,,,,,,,,,,,,,,,,,,,,,SLMAP,,,,,,,,,,,,,,,,,,,,,,,,,,,,,,,,,,,,,,,,,,,,,,,,,
4,Q14BN4,Q14BN4-3,ENSG00000163681,ENSP00000295952,ENST00000295952,not-assigned,,,,,,,,,,,,,,,,,,,,,,,,,,,,,,,,,,,,,,,,,,,,,,,,,,,,,,,,,,,,,,SLMAP,,,,,,,,,,,,,,,,,,,,,,,,,,,,,,,,,,,,,,,,,,,,,,,,,
5,Q14BN4,Q14BN4-5,ENSG00000163681,ENSP00000418218,ENST00000494088,NM_001304422,,,,,,,,,,,,,,,,,,,,,,,,,,,,,,,,,,,,,,,,,,,,,,,,,,,,,,,,,,,,,,SLMAP,,,,,,,,,,,,,,,,,,,,,,,,,,,,,,,,,,,,,,,,,,,,,,,,,
6,Q14BN4,Q14BN4-5,ENSG00000163681,ENSP00000418218,ENST00000494088,NM_001304423,,,,,,,,,,,,,,,,,,,,,,,,,,,,,,,,,,,,,,,,,,,,,,,,,,,,,,,,,,,,,,SLMAP,,,,,,,,,,,,,,,,,,,,,,,,,,,,,,,,,,,,,,,,,,,,,,,,,
7,Q14BN4,Q14BN4-5,ENSG00000163681,ENSP00000418218,ENST00000494088,NM_001311178,,,,,,,,,,,,,,,,,,,,,,,,,,,,,,,,,,,,,,,,,,,,,,,,,,,,,,,,,,,,,,SLMAP,,,,,,,,,,,,,,,,,,,,,,,,,,,,,,,,,,,,,,,,,,,,,,,,,
8,Q14BN4,Q14BN4-5,ENSG00000163681,ENSP00000418218,ENST00000494088,NM_001377926,,,,,,,,,,,,,,,,,,,,,,,,,,,,,,,,,,,,,,,,,,,,,,,,,,,,,,,,,,,,,,SLMAP,,,,,,,,,,,,,,,,,,,,,,,,,,,,,,,,,,,,,,,,,,,,,,,,,
9,Q14BN4,Q14BN4-5,ENSG00000163681,ENSP00000418218,ENST00000494088,NM_001377927,,,,,,,,,,,,,,,,,,,,,,,,,,,,,,,,,,,,,,,,,,,,,,,,,,,,,,,,,,,,,,SLMAP,,,,,,,,,,,,,,,,,,,,,,,,,,,,,,,,,,,,,,,,,,,,,,,,,
10,Q14BN4,Q14BN4-6,ENSG00000163681,ENSP00000373224,ENST00000383718,not-assigned,,,,,,,,,,,,,,,,,,,,,,,,,,,,,,,,,,,,,,,,,,,,,,,,,,,,,,,,,,,,,,SLMAP,,,,,,,,,,,,,,,,,,,,,,,,,,,,,,,,,,,,,,,,,,,,,,,,,
0,P0CW01,P0CW01(*),ENSG00000236424,ENSP00000406407,ENST00000428845(*),NM_001282469(MANE),not-available,,,,,,,,,,,,,,,,,,,,,,,,,,,,,,,,,,,,,,,,,,,,,,,,,,,,,,,,,,,,,,TSPY10,,,,,,,,,,,,,,,,,,,,,,,,,,,,,,,,,,,,,,,,,,,,,,,,
1,P0CW01,not-assigned,ENSG00000228927,ENSP00000398163,ENST00000457222(*),NM_001077697(MANE),,,,,,,,,,,,,,,,,,,,,,,,,,,,,,,,,,,,,,,,,,,,,,,,,,,,,,,,,,,,,,,TSPY10,,,,,,,,,,,,,,,,,,,,,,,,,,,,,,,,,,,,,,,,,,,,,,,,
0,Q9H2G4,Q9H2G4(*),ENSG00000184205,ENSP00000364591,ENST00000375442(*),NM_022117(MANE),not-available,,,,,,,,,,,,,,,,,,,,,,,,,,,,,,,,,,,,,,,,,,,,,,,,,,,,,,,,,,,,,,,TSPYL2,,,,,,,,,,,,,,,,,,,,,,,,,,,,,,,,,,,,,,,,,,,,,,,
0,Q86VY4,Q86VY4(*),ENSG00000180543,ENSP00000322802,ENST00000322128(*),NM_033512(MANE),not-available,,,,,,,,,,,,,,,,,,,,,,,,,,,,,,,,,,,,,,,,,,,,,,,,,,,,,,,,,,,,,,,,TSPYL5,,,,,,,,,,,,,,,,,,,,,,,,,,,,,,,,,,,,,,,,,,,,,,
0,Q92623,Q92623(*),ENSG00000133985,ENSP00000256367,ENST00000256367(*),NM_015351(MANE),not-available,,,,,,,,,,,,,,,,,,,,,,,,,,,,,,,,,,,,,,,,,,,,,,,,,,,,,,,,,,,,,,,,,TTC9,,,,,,,,,,,,,,,,,,,,,,,,,,,,,,,,,,,,,,,,,,,,,
0,Q8N6N2,Q8N6N2-1(*),ENSG00000174521,ENSP00000311760,ENST00000311308(*),NM_152479(MANE),not-available,,,,,,,,,,,,,,,,,,,,,,,,,,,,,,,,,,,,,,,,,,,,,,,,,,,,,,,,,,,,,,,,,,TTC9B,,,,,,,,,,,,,,,,,,,,,,,,,,,,,,,,,,,,,,,,,,,,
0,P53804,P53804-1(*),ENSG00000182670,ENSP00000346791,ENST00000354749,not-assigned,not-available,,,,,,,,,,,,,,,,,,,,,,,,,,,,,,,,,,,,,,,,,,,,,,,,,,,,,,,,,,,,,,,,,,,TTC3,,,,,,,,,,,,,,,,,,,,,,,,,,,,,,,,,,,,,,,,,,,
1,P53804,P53804-1(*),ENSG00000182670,ENSP00000381981,ENST00000399017,NM_003316,not-available,,,,,,,,,,,,,,,,,,,,,,,,,,,,,,,,,,,,,,,,,,,,,,,,,,,,,,,,,,,,,,,,,,,TTC3,,,,,,,,,,,,,,,,,,,,,,,,,,,,,,,,,,,,,,,,,,,
2,P53804,P53804-1(*),ENSG00000182670,ENSP00000403943,ENST00000418766(*),NM_001330683(MANE),not-available,,,,,,,,,,,,,,,,,,,,,,,,,,,,,,,,,,,,,,,,,,,,,,,,,,,,,,,,,,,,,,,,,,,TTC3,,,,,,,,,,,,,,,,,,,,,,,,,,,,,,,,,,,,,,,,,,,
3,P53804,P53804-1(*),ENSG00000182670,ENSP00000408456,ENST00000450533,NM_001001894,not-available,,,,,,,,,,,,,,,,,,,,,,,,,,,,,,,,,,,,,,,,,,,,,,,,,,,,,,,,,,,,,,,,,,,TTC3,,,,,,,,,,,,,,,,,,,,,,,,,,,,,,,,,,,,,,,,,,,
4,P53804,P53804-3,ENSG00000182670,ENSP00000512889,ENST00000492275,NM_001330681,,,,,,,,,,,,,,,,,,,,,,,,,,,,,,,,,,,,,,,,,,,,,,,,,,,,,,,,,,,,,,,,,,,,TTC3,,,,,,,,,,,,,,,,,,,,,,,,,,,,,,,,,,,,,,,,,,,
5,P53804,P53804-3,ENSG00000182670,ENSP00000512889,ENST00000492275,NM_001353937,,,,,,,,,,,,,,,,,,,,,,,,,,,,,,,,,,,,,,,,,,,,,,,,,,,,,,,,,,,,,,,,,,,,TTC3,,,,,,,,,,,,,,,,,,,,,,,,,,,,,,,,,,,,,,,,,,,
6,P53804,P53804-3,ENSG00000182670,ENSP00000512893,ENST00000463216,NM_001330682,,,,,,,,,,,,,,,,,,,,,,,,,,,,,,,,,,,,,,,,,,,,,,,,,,,,,,,,,,,,,,,,,,,,TTC3,,,,,,,,,,,,,,,,,,,,,,,,,,,,,,,,,,,,,,,,,,,
7,P53804,P53804-3,ENSG00000182670,ENSP00000512893,ENST00000463216,NM_001353936,,,,,,,,,,,,,,,,,,,,,,,,,,,,,,,,,,,,,,,,,,,,,,,,,,,,,,,,,,,,,,,,,,,,TTC3,,,,,,,,,,,,,,,,,,,,,,,,,,,,,,,,,,,,,,,,,,,
8,P53804,P53804-3,ENSG00000182670,ENSP00000512893,ENST00000463216,NM_001353938,,,,,,,,,,,,,,,,,,,,,,,,,,,,,,,,,,,,,,,,,,,,,,,,,,,,,,,,,,,,,,,,,,,,TTC3,,,,,,,,,,,,,,,,,,,,,,,,,,,,,,,,,,,,,,,,,,,
9,P53804,not-assigned,ENSG00000182670,ENSP00000387880,ENST00000411496,NM_001320704,,,,,,,,,,,,,,,,,,,,,,,,,,,,,,,,,,,,,,,,,,,,,,,,,,,,,,,,,,,,,,,,,,,,TTC3,,,,,,,,,,,,,,,,,,,,,,,,,,,,,,,,,,,,,,,,,,,
0,No Protein coding transcript for this gene,,,,,,,,,,,,,,,,,,,,,,,,,,,,,,,,,,,,,,,,,,,,,,,,,,,,,,,,,,,,,,,,,,,,,,,,,,TSPY26P,,,,,,,,,,,,,,,,,,,,,,,,,,,,,,,,,,,,,,,,,,
0,Q9UJ04,Q9UJ04(*),ENSG00000187189,ENSP00000410943,ENST00000420283(*),NM_021648(MANE),not-available,,,,,,,,,,,,,,,,,,,,,,,,,,,,,,,,,,,,,,,,,,,,,,,,,,,,,,,,,,,,,,,,,,,,,TSPYL4,,,,,,,,,,,,,,,,,,,,,,,,,,,,,,,,,,,,,,,,,
0,P61758,P61758-1(*),ENSG00000155959,ENSP00000286428,ENST00000286428(*),NM_001303543,"6NR8,6NR9,6NRB,6NRC,6NRD,7WU7",,,,,,,,,,,,,,,,,,,,,,,,,,,,,,,,,,,,,,,,,,,,,,,,,,,,,,,,,,,,,,,,,,,,,,VBP1,,,,,,,,,,,,,,,,,,,,,,,,,,,,,,,,,,,,,,,,
1,P61758,P61758-1(*),ENSG00000155959,ENSP00000286428,ENST00000286428(*),NM_001303545,"6NR8,6NR9,6NRB,6NRC,6NRD,7WU7",,,,,,,,,,,,,,,,,,,,,,,,,,,,,,,,,,,,,,,,,,,,,,,,,,,,,,,,,,,,,,,,,,,,,,VBP1,,,,,,,,,,,,,,,,,,,,,,,,,,,,,,,,,,,,,,,,
2,P61758,P61758-1(*),ENSG00000155959,ENSP00000286428,ENST00000286428(*),NM_003372(MANE),"6NR8,6NR9,6NRB,6NRC,6NRD,7WU7",,,,,,,,,,,,,,,,,,,,,,,,,,,,,,,,,,,,,,,,,,,,,,,,,,,,,,,,,,,,,,,,,,,,,,VBP1,,,,,,,,,,,,,,,,,,,,,,,,,,,,,,,,,,,,,,,,
3,P61758,P61758-2,ENSG00000155959,ENSP00000438694,ENST00000535916,NM_001303544,,,,,,,,,,,,,,,,,,,,,,,,,,,,,,,,,,,,,,,,,,,,,,,,,,,,,,,,,,,,,,,,,,,,,,,VBP1,,,,,,,,,,,,,,,,,,,,,,,,,,,,,,,,,,,,,,,,
4,P61758,P61758-2,ENSG00000155959,ENSP00000486053,ENST00000625964,not-assigned,,,,,,,,,,,,,,,,,,,,,,,,,,,,,,,,,,,,,,,,,,,,,,,,,,,,,,,,,,,,,,,,,,,,,,,VBP1,,,,,,,,,,,,,,,,,,,,,,,,,,,,,,,,,,,,,,,,
0,Q9UHV9,Q9UHV9(*),ENSG00000143256,ENSP00000356989,ENST00000368010(*),NM_012394(MANE),"6NR8,6NR9,6NRB,6NRC,6NRD,7WU7",,,,,,,,,,,,,,,,,,,,,,,,,,,,,,,,,,,,,,,,,,,,,,,,,,,,,,,,,,,,,,,,,,,,,,,PFDN2,,,,,,,,,,,,,,,,,,,,,,,,,,,,,,,,,,,,,,,
0,Q99471,Q99471-1(*),ENSG00000123349,ENSP00000334188,ENST00000334478(*),NM_002624(MANE),"6NR8,6NR9,6NRB,6NRC,6NRD,7WU7",,,,,,,,,,,,,,,,,,,,,,,,,,,,,,,,,,,,,,,,,,,,,,,,,,,,,,,,,,,,,,,,,,,,,,,,PFDN5,,,,,,,,,,,,,,,,,,,,,,,,,,,,,,,,,,,,,,
1,Q99471,Q99471-1(*),ENSG00000123349,ENSP00000447942,ENST00000551018,not-assigned,"6NR8,6NR9,6NRB,6NRC,6NRD,7WU7",,,,,,,,,,,,,,,,,,,,,,,,,,,,,,,,,,,,,,,,,,,,,,,,,,,,,,,,,,,,,,,,,,,,,,,,PFDN5,,,,,,,,,,,,,,,,,,,,,,,,,,,,,,,,,,,,,,
2,Q99471,Q99471-2,ENSG00000123349,ENSP00000243040,ENST00000243040,not-assigned,,,,,,,,,,,,,,,,,,,,,,,,,,,,,,,,,,,,,,,,,,,,,,,,,,,,,,,,,,,,,,,,,,,,,,,,,PFDN5,,,,,,,,,,,,,,,,,,,,,,,,,,,,,,,,,,,,,,
3,Q99471,Q99471-3,ENSG00000123349,ENSP00000266964,ENST00000351500,NM_145897,,,,,,,,,,,,,,,,,,,,,,,,,,,,,,,,,,,,,,,,,,,,,,,,,,,,,,,,,,,,,,,,,,,,,,,,,PFDN5,,,,,,,,,,,,,,,,,,,,,,,,,,,,,,,,,,,,,,
4,Q99471,not-assigned,ENSG00000291834,ENSP00000517421,ENST00000708922,not-assigned,,,,,,,,,,,,,,,,,,,,,,,,,,,,,,,,,,,,,,,,,,,,,,,,,,,,,,,,,,,,,,,,,,,,,,,,,PFDN5,,,,,,,,,,,,,,,,,,,,,,,,,,,,,,,,,,,,,,
5,Q99471,not-assigned,ENSG00000291834,ENSP00000517425,ENST00000708930,NM_145897,,,,,,,,,,,,,,,,,,,,,,,,,,,,,,,,,,,,,,,,,,,,,,,,,,,,,,,,,,,,,,,,,,,,,,,,,PFDN5,,,,,,,,,,,,,,,,,,,,,,,,,,,,,,,,,,,,,,
6,Q99471,not-assigned,ENSG00000291834,ENSP00000517428,ENST00000708936,not-assigned,,,,,,,,,,,,,,,,,,,,,,,,,,,,,,,,,,,,,,,,,,,,,,,,,,,,,,,,,,,,,,,,,,,,,,,,,PFDN5,,,,,,,,,,,,,,,,,,,,,,,,,,,,,,,,,,,,,,
7,Q99471,not-assigned,ENSG00000291834,ENSP00000517429,ENST00000708937,NM_002624,,,,,,,,,,,,,,,,,,,,,,,,,,,,,,,,,,,,,,,,,,,,,,,,,,,,,,,,,,,,,,,,,,,,,,,,,PFDN5,,,,,,,,,,,,,,,,,,,,,,,,,,,,,,,,,,,,,,
0,P33908,P33908-1(*),ENSG00000111885,ENSP00000357453,ENST00000368468(*),NM_005907(MANE),not-available,,,,,,,,,,,,,,,,,,,,,,,,,,,,,,,,,,,,,,,,,,,,,,,,,,,,,,,,,,,,,,,,,,,,,,,,,MAN1A1,,,,,,,,,,,,,,,,,,,,,,,,,,,,,,,,,,,,,
0,Q9UKM7,Q9UKM7(*),ENSG00000177239,ENSP00000360645,ENST00000371589(*),NM_016219(MANE),"1FMI,1FO2,1FO3,1X9D,5KIJ,5KK7",,,,,,,,,,,,,,,,,,,,,,,,,,,,,,,,,,,,,,,,,,,,,,,,,,,,,,,,,,,,,,,,,,,,,,,,,,MAN1B1,,,,,,,,,,,,,,,,,,,,,,,,,,,,,,,,,,,,
0,O60476,O60476(*),ENSG00000198162,ENSP00000348959,ENST00000356554(*),NM_006699(MANE),not-available,,,,,,,,,,,,,,,,,,,,,,,,,,,,,,,,,,,,,,,,,,,,,,,,,,,,,,,,,,,,,,,,,,,,,,,,,,,MAN1A2,,,,,,,,,,,,,,,,,,,,,,,,,,,,,,,,,,,
0,Q9NR34,Q9NR34(*),ENSG00000117643,ENSP00000363452,ENST00000374332(*),NM_001289010,not-available,,,,,,,,,,,,,,,,,,,,,,,,,,,,,,,,,,,,,,,,,,,,,,,,,,,,,,,,,,,,,,,,,,,,,,,,,,,,MAN1C1,,,,,,,,,,,,,,,,,,,,,,,,,,,,,,,,,,
1,Q9NR34,Q9NR34(*),ENSG00000117643,ENSP00000363452,ENST00000374332(*),NM_001385182,not-available,,,,,,,,,,,,,,,,,,,,,,,,,,,,,,,,,,,,,,,,,,,,,,,,,,,,,,,,,,,,,,,,,,,,,,,,,,,,MAN1C1,,,,,,,,,,,,,,,,,,,,,,,,,,,,,,,,,,
2,Q9NR34,Q9NR34(*),ENSG00000117643,ENSP00000363452,ENST00000374332(*),NM_001385183,not-available,,,,,,,,,,,,,,,,,,,,,,,,,,,,,,,,,,,,,,,,,,,,,,,,,,,,,,,,,,,,,,,,,,,,,,,,,,,,MAN1C1,,,,,,,,,,,,,,,,,,,,,,,,,,,,,,,,,,
3,Q9NR34,Q9NR34(*),ENSG00000117643,ENSP00000363452,ENST00000374332(*),NM_020379(MANE),not-available,,,,,,,,,,,,,,,,,,,,,,,,,,,,,,,,,,,,,,,,,,,,,,,,,,,,,,,,,,,,,,,,,,,,,,,,,,,,MAN1C1,,,,,,,,,,,,,,,,,,,,,,,,,,,,,,,,,,
0,P27824,P27824-1(*),ENSG00000127022,ENSP00000247461,ENST00000247461(*),NM_001024649,not-available,,,,,,,,,,,,,,,,,,,,,,,,,,,,,,,,,,,,,,,,,,,,,,,,,,,,,,,,,,,,,,,,,,,,,,,,,,,,,CANX,,,,,,,,,,,,,,,,,,,,,,,,,,,,,,,,,
1,P27824,P27824-1(*),ENSG00000127022,ENSP00000247461,ENST00000247461(*),NM_001746(MANE),not-available,,,,,,,,,,,,,,,,,,,,,,,,,,,,,,,,,,,,,,,,,,,,,,,,,,,,,,,,,,,,,,,,,,,,,,,,,,,,,CANX,,,,,,,,,,,,,,,,,,,,,,,,,,,,,,,,,
2,P27824,P27824-1(*),ENSG00000127022,ENSP00000391646,ENST00000452673,not-assigned,not-available,,,,,,,,,,,,,,,,,,,,,,,,,,,,,,,,,,,,,,,,,,,,,,,,,,,,,,,,,,,,,,,,,,,,,,,,,,,,,CANX,,,,,,,,,,,,,,,,,,,,,,,,,,,,,,,,,
3,P27824,P27824-1(*),ENSG00000127022,ENSP00000421434,ENST00000509563,not-assigned,not-available,,,,,,,,,,,,,,,,,,,,,,,,,,,,,,,,,,,,,,,,,,,,,,,,,,,,,,,,,,,,,,,,,,,,,,,,,,,,,CANX,,,,,,,,,,,,,,,,,,,,,,,,,,,,,,,,,
4,P27824,P27824-1(*),ENSG00000127022,ENSP00000421813,ENST00000513246,not-assigned,not-available,,,,,,,,,,,,,,,,,,,,,,,,,,,,,,,,,,,,,,,,,,,,,,,,,,,,,,,,,,,,,,,,,,,,,,,,,,,,,CANX,,,,,,,,,,,,,,,,,,,,,,,,,,,,,,,,,
5,P27824,P27824-1(*),ENSG00000127022,ENSP00000424063,ENST00000504734,not-assigned,not-available,,,,,,,,,,,,,,,,,,,,,,,,,,,,,,,,,,,,,,,,,,,,,,,,,,,,,,,,,,,,,,,,,,,,,,,,,,,,,CANX,,,,,,,,,,,,,,,,,,,,,,,,,,,,,,,,,
6,P27824,P27824-1(*),ENSG00000127022,ENSP00000424745,ENST00000502296,NM_001363994,not-available,,,,,,,,,,,,,,,,,,,,,,,,,,,,,,,,,,,,,,,,,,,,,,,,,,,,,,,,,,,,,,,,,,,,,,,,,,,,,CANX,,,,,,,,,,,,,,,,,,,,,,,,,,,,,,,,,
7,P27824,P27824-1(*),ENSG00000127022,ENSP00000424745,ENST00000502296,NM_001363996,not-available,,,,,,,,,,,,,,,,,,,,,,,,,,,,,,,,,,,,,,,,,,,,,,,,,,,,,,,,,,,,,,,,,,,,,,,,,,,,,CANX,,,,,,,,,,,,,,,,,,,,,,,,,,,,,,,,,
8,P27824,P27824-1(*),ENSG00000127022,ENSP00000505013,ENST00000681674,not-assigned,not-available,,,,,,,,,,,,,,,,,,,,,,,,,,,,,,,,,,,,,,,,,,,,,,,,,,,,,,,,,,,,,,,,,,,,,,,,,,,,,CANX,,,,,,,,,,,,,,,,,,,,,,,,,,,,,,,,,
9,P27824,P27824-1(*),ENSG00000127022,ENSP00000505202,ENST00000680092,not-assigned,not-available,,,,,,,,,,,,,,,,,,,,,,,,,,,,,,,,,,,,,,,,,,,,,,,,,,,,,,,,,,,,,,,,,,,,,,,,,,,,,CANX,,,,,,,,,,,,,,,,,,,,,,,,,,,,,,,,,
10,P27824,P27824-1(*),ENSG00000127022,ENSP00000505526,ENST00000681072,NM_001363993,not-available,,,,,,,,,,,,,,,,,,,,,,,,,,,,,,,,,,,,,,,,,,,,,,,,,,,,,,,,,,,,,,,,,,,,,,,,,,,,,CANX,,,,,,,,,,,,,,,,,,,,,,,,,,,,,,,,,
11,P27824,P27824-1(*),ENSG00000127022,ENSP00000505960,ENST00000680042,not-assigned,not-available,,,,,,,,,,,,,,,,,,,,,,,,,,,,,,,,,,,,,,,,,,,,,,,,,,,,,,,,,,,,,,,,,,,,,,,,,,,,,CANX,,,,,,,,,,,,,,,,,,,,,,,,,,,,,,,,,
12,P27824,P27824-1(*),ENSG00000127022,ENSP00000506003,ENST00000681476,NM_001363997,not-available,,,,,,,,,,,,,,,,,,,,,,,,,,,,,,,,,,,,,,,,,,,,,,,,,,,,,,,,,,,,,,,,,,,,,,,,,,,,,CANX,,,,,,,,,,,,,,,,,,,,,,,,,,,,,,,,,
13,P27824,P27824-1(*),ENSG00000127022,ENSP00000506021,ENST00000681168,not-assigned,not-available,,,,,,,,,,,,,,,,,,,,,,,,,,,,,,,,,,,,,,,,,,,,,,,,,,,,,,,,,,,,,,,,,,,,,,,,,,,,,CANX,,,,,,,,,,,,,,,,,,,,,,,,,,,,,,,,,
14,P27824,P27824-1(*),ENSG00000127022,ENSP00000506061,ENST00000681712,not-assigned,not-available,,,,,,,,,,,,,,,,,,,,,,,,,,,,,,,,,,,,,,,,,,,,,,,,,,,,,,,,,,,,,,,,,,,,,,,,,,,,,CANX,,,,,,,,,,,,,,,,,,,,,,,,,,,,,,,,,
15,P27824,P27824-1(*),ENSG00000127022,ENSP00000506078,ENST00000680013,not-assigned,not-available,,,,,,,,,,,,,,,,,,,,,,,,,,,,,,,,,,,,,,,,,,,,,,,,,,,,,,,,,,,,,,,,,,,,,,,,,,,,,CANX,,,,,,,,,,,,,,,,,,,,,,,,,,,,,,,,,
16,P27824,P27824-1(*),ENSG00000127022,ENSP00000506509,ENST00000681903,not-assigned,not-available,,,,,,,,,,,,,,,,,,,,,,,,,,,,,,,,,,,,,,,,,,,,,,,,,,,,,,,,,,,,,,,,,,,,,,,,,,,,,CANX,,,,,,,,,,,,,,,,,,,,,,,,,,,,,,,,,
17,P27824,P27824-1(*),ENSG00000127022,ENSP00000506568,ENST00000681733,not-assigned,not-available,,,,,,,,,,,,,,,,,,,,,,,,,,,,,,,,,,,,,,,,,,,,,,,,,,,,,,,,,,,,,,,,,,,,,,,,,,,,,CANX,,,,,,,,,,,,,,,,,,,,,,,,,,,,,,,,,
18,P27824,P27824-1(*),ENSG00000127022,ENSP00000506583,ENST00000680618,not-assigned,not-available,,,,,,,,,,,,,,,,,,,,,,,,,,,,,,,,,,,,,,,,,,,,,,,,,,,,,,,,,,,,,,,,,,,,,,,,,,,,,CANX,,,,,,,,,,,,,,,,,,,,,,,,,,,,,,,,,
19,P27824,P27824-1(*),ENSG00000283777,ENSP00000491760,ENST00000639938,NM_001363997,not-available,,,,,,,,,,,,,,,,,,,,,,,,,,,,,,,,,,,,,,,,,,,,,,,,,,,,,,,,,,,,,,,,,,,,,,,,,,,,,CANX,,,,,,,,,,,,,,,,,,,,,,,,,,,,,,,,,
20,P27824,P27824-1(*),ENSG00000283777,ENSP00000492372,ENST00000638425,NM_001363994,not-available,,,,,,,,,,,,,,,,,,,,,,,,,,,,,,,,,,,,,,,,,,,,,,,,,,,,,,,,,,,,,,,,,,,,,,,,,,,,,CANX,,,,,,,,,,,,,,,,,,,,,,,,,,,,,,,,,
21,P27824,P27824-1(*),ENSG00000283777,ENSP00000492868,ENST00000638706(*),NM_001024649,not-available,,,,,,,,,,,,,,,,,,,,,,,,,,,,,,,,,,,,,,,,,,,,,,,,,,,,,,,,,,,,,,,,,,,,,,,,,,,,,CANX,,,,,,,,,,,,,,,,,,,,,,,,,,,,,,,,,
22,P27824,P27824-1(*),ENSG00000283777,ENSP00000492868,ENST00000638706(*),NM_001363993,not-available,,,,,,,,,,,,,,,,,,,,,,,,,,,,,,,,,,,,,,,,,,,,,,,,,,,,,,,,,,,,,,,,,,,,,,,,,,,,,CANX,,,,,,,,,,,,,,,,,,,,,,,,,,,,,,,,,
23,P27824,P27824-1(*),ENSG00000283777,ENSP00000492868,ENST00000638706(*),NM_001363995,not-available,,,,,,,,,,,,,,,,,,,,,,,,,,,,,,,,,,,,,,,,,,,,,,,,,,,,,,,,,,,,,,,,,,,,,,,,,,,,,CANX,,,,,,,,,,,,,,,,,,,,,,,,,,,,,,,,,
24,P27824,P27824-1(*),ENSG00000283777,ENSP00000492868,ENST00000638706(*),NM_001363996,not-available,,,,,,,,,,,,,,,,,,,,,,,,,,,,,,,,,,,,,,,,,,,,,,,,,,,,,,,,,,,,,,,,,,,,,,,,,,,,,CANX,,,,,,,,,,,,,,,,,,,,,,,,,,,,,,,,,
25,P27824,P27824-1(*),ENSG00000283777,ENSP00000492868,ENST00000638706(*),NM_001363998,not-available,,,,,,,,,,,,,,,,,,,,,,,,,,,,,,,,,,,,,,,,,,,,,,,,,,,,,,,,,,,,,,,,,,,,,,,,,,,,,CANX,,,,,,,,,,,,,,,,,,,,,,,,,,,,,,,,,
26,P27824,P27824-1(*),ENSG00000283777,ENSP00000492868,ENST00000638706(*),NM_001363999,not-available,,,,,,,,,,,,,,,,,,,,,,,,,,,,,,,,,,,,,,,,,,,,,,,,,,,,,,,,,,,,,,,,,,,,,,,,,,,,,CANX,,,,,,,,,,,,,,,,,,,,,,,,,,,,,,,,,
27,P27824,P27824-1(*),ENSG00000283777,ENSP00000492868,ENST00000638706(*),NM_001364000,not-available,,,,,,,,,,,,,,,,,,,,,,,,,,,,,,,,,,,,,,,,,,,,,,,,,,,,,,,,,,,,,,,,,,,,,,,,,,,,,CANX,,,,,,,,,,,,,,,,,,,,,,,,,,,,,,,,,
28,P27824,P27824-1(*),ENSG00000283777,ENSP00000492868,ENST00000638706(*),NM_001364001,not-available,,,,,,,,,,,,,,,,,,,,,,,,,,,,,,,,,,,,,,,,,,,,,,,,,,,,,,,,,,,,,,,,,,,,,,,,,,,,,CANX,,,,,,,,,,,,,,,,,,,,,,,,,,,,,,,,,
29,P27824,P27824-1(*),ENSG00000283777,ENSP00000492868,ENST00000638706(*),NM_001746,not-available,,,,,,,,,,,,,,,,,,,,,,,,,,,,,,,,,,,,,,,,,,,,,,,,,,,,,,,,,,,,,,,,,,,,,,,,,,,,,CANX,,,,,,,,,,,,,,,,,,,,,,,,,,,,,,,,,
30,P27824,P27824-3,ENSG00000127022,ENSP00000426555,ENST00000506654,not-assigned,,,,,,,,,,,,,,,,,,,,,,,,,,,,,,,,,,,,,,,,,,,,,,,,,,,,,,,,,,,,,,,,,,,,,,,,,,,,,,CANX,,,,,,,,,,,,,,,,,,,,,,,,,,,,,,,,,
31,P27824,P27824-3,ENSG00000127022,ENSP00000505129,ENST00000680006,not-assigned,,,,,,,,,,,,,,,,,,,,,,,,,,,,,,,,,,,,,,,,,,,,,,,,,,,,,,,,,,,,,,,,,,,,,,,,,,,,,,CANX,,,,,,,,,,,,,,,,,,,,,,,,,,,,,,,,,
32,P27824,P27824-3,ENSG00000127022,ENSP00000506051,ENST00000680827,NM_001364000,,,,,,,,,,,,,,,,,,,,,,,,,,,,,,,,,,,,,,,,,,,,,,,,,,,,,,,,,,,,,,,,,,,,,,,,,,,,,,CANX,,,,,,,,,,,,,,,,,,,,,,,,,,,,,,,,,
33,P27824,P27824-3,ENSG00000127022,ENSP00000506051,ENST00000680827,NM_001364001,,,,,,,,,,,,,,,,,,,,,,,,,,,,,,,,,,,,,,,,,,,,,,,,,,,,,,,,,,,,,,,,,,,,,,,,,,,,,,CANX,,,,,,,,,,,,,,,,,,,,,,,,,,,,,,,,,
0,Q9Y4F5,Q9Y4F5-2,ENSG00000099814,ENSP00000404151,ENST00000414716(*),NM_001112726(MANE),,,,,,,,,,,,,,,,,,,,,,,,,,,,,,,,,,,,,,,,,,,,,,,,,,,,,,,,,,,,,,,,,,,,,,,,,,,,,,,CEP170B,,,,,,,,,,,,,,,,,,,,,,,,,,,,,,,,
1,Q9Y4F5,Q9Y4F5-3,ENSG00000099814,ENSP00000451249,ENST00000556508,NM_015005,,,,,,,,,,,,,,,,,,,,,,,,,,,,,,,,,,,,,,,,,,,,,,,,,,,,,,,,,,,,,,,,,,,,,,,,,,,,,,,CEP170B,,,,,,,,,,,,,,,,,,,,,,,,,,,,,,,,
0,No Protein coding transcript for this gene,,,,,,,,,,,,,,,,,,,,,,,,,,,,,,,,,,,,,,,,,,,,,,,,,,,,,,,,,,,,,,,,,,,,,,,,,,,,,,,,,,,,,CEP170P1,,,,,,,,,,,,,,,,,,,,,,,,,,,,,,,
0,O75061,O75061-1(*),ENSG00000116675,ENSP00000378735,ENST00000395325,NM_014787,not-available,,,,,,,,,,,,,,,,,,,,,,,,,,,,,,,,,,,,,,,,,,,,,,,,,,,,,,,,,,,,,,,,,,,,,,,,,,,,,,,,DNAJC6,,,,,,,,,,,,,,,,,,,,,,,,,,,,,,
1,O75061,O75061-2,ENSG00000116675,ENSP00000360108,ENST00000371069(*),NM_001256864(MANE),,,,,,,,,,,,,,,,,,,,,,,,,,,,,,,,,,,,,,,,,,,,,,,,,,,,,,,,,,,,,,,,,,,,,,,,,,,,,,,,,DNAJC6,,,,,,,,,,,,,,,,,,,,,,,,,,,,,,
2,O75061,O75061-4,ENSG00000116675,ENSP00000263441,ENST00000263441,NM_001256865,,,,,,,,,,,,,,,,,,,,,,,,,,,,,,,,,,,,,,,,,,,,,,,,,,,,,,,,,,,,,,,,,,,,,,,,,,,,,,,,,DNAJC6,,,,,,,,,,,,,,,,,,,,,,,,,,,,,,
0,Q5TC12,Q5TC12-1(*),ENSG00000123472,ENSP00000459167,ENST00000574428(*),NM_001394565(MANE),not-available,,,,,,,,,,,,,,,,,,,,,,,,,,,,,,,,,,,,,,,,,,,,,,,,,,,,,,,,,,,,,,,,,,,,,,,,,,,,,,,,,ATPAF1,,,,,,,,,,,,,,,,,,,,,,,,,,,,,
1,Q5TC12,Q5TC12-3,ENSG00000123472,ENSP00000435732,ENST00000532925,NM_001243728,,,,,,,,,,,,,,,,,,,,,,,,,,,,,,,,,,,,,,,,,,,,,,,,,,,,,,,,,,,,,,,,,,,,,,,,,,,,,,,,,,ATPAF1,,,,,,,,,,,,,,,,,,,,,,,,,,,,,
2,Q5TC12,not-assigned,ENSG00000123472,ENSP00000330685,ENST00000329231,NM_001042546,,,,,,,,,,,,,,,,,,,,,,,,,,,,,,,,,,,,,,,,,,,,,,,,,,,,,,,,,,,,,,,,,,,,,,,,,,,,,,,,,,ATPAF1,,,,,,,,,,,,,,,,,,,,,,,,,,,,,
3,Q5TC12,not-assigned,ENSG00000123472,ENSP00000432771,ENST00000534216,NM_001256418,,,,,,,,,,,,,,,,,,,,,,,,,,,,,,,,,,,,,,,,,,,,,,,,,,,,,,,,,,,,,,,,,,,,,,,,,,,,,,,,,,ATPAF1,,,,,,,,,,,,,,,,,,,,,,,,,,,,,
4,Q5TC12,not-assigned,ENSG00000123472,ENSP00000460964,ENST00000576409,NM_022745,,,,,,,,,,,,,,,,,,,,,,,,,,,,,,,,,,,,,,,,,,,,,,,,,,,,,,,,,,,,,,,,,,,,,,,,,,,,,,,,,,ATPAF1,,,,,,,,,,,,,,,,,,,,,,,,,,,,,
0,P31946,P31946-1(*),ENSG00000166913,ENSP00000300161,ENST00000353703(*),NM_139323(MANE),"2BQ0,2C23,4DNK,5N10,5N10,6A5Q,6BYK,6GN0,6GN8,6GNJ,6GNK,6GNN,6HEP,6YGJ,6YGJ,8DP5,8EQ8,8EQH",,,,,,,,,,,,,,,,,,,,,,,,,,,,,,,,,,,,,,,,,,,,,,,,,,,,,,,,,,,,,,,,,,,,,,,,,,,,,,,,,,YWHAB,,,,,,,,,,,,,,,,,,,,,,,,,,,,
1,P31946,P31946-1(*),ENSG00000166913,ENSP00000361930,ENST00000372839,NM_003404,"2BQ0,2C23,4DNK,5N10,5N10,6A5Q,6BYK,6GN0,6GN8,6GNJ,6GNK,6GNN,6HEP,6YGJ,6YGJ,8DP5,8EQ8,8EQH",,,,,,,,,,,,,,,,,,,,,,,,,,,,,,,,,,,,,,,,,,,,,,,,,,,,,,,,,,,,,,,,,,,,,,,,,,,,,,,,,,YWHAB,,,,,,,,,,,,,,,,,,,,,,,,,,,,
0,P63104,P63104-1(*),ENSG00000164924,ENSP00000309503,ENST00000353245,NM_003406,"1IB1,1QJA,1QJB,2C1J,2C1N,2O02,2WH0,3CU8,3NKX,3RDH,4BG6,4FJ3,4HKC,4IHL,4N7G,4N7Y,4N84,4WRQ,4ZDR,5D2D,5D3F,5EWZ,5EXA,5J31,5JM4,5M35,5M36,5M37,5NAS,5ULO,5WXN,5XY9,6EF5,6EJL,6EWW,6F08,6F09,6FN9,6FNA,6FNB,6FNC,6Q0K,6RLZ,6U2H,6XAG,6YMO,6YO8,6YOS,6ZFD,6ZFG,7D8H,7D8P,7D9V,7MFD,7MFE,7MFF,7Q16,7ZIT,8A9G,8AH2,8P1H,8QDV,8WE2,8WF6",,,,,,,,,,,,,,,,,,,,,,,,,,,,,,,,,,,,,,,,,,,,,,,,,,,,,,,,,,,,,,,,,,,,,,,,,,,,,,,,,,,YWHAZ,,,,,,,,,,,,,,,,,,,,,,,,,,,
1,P63104,P63104-1(*),ENSG00000164924,ENSP00000379281,ENST00000395951,NM_001135702,"1IB1,1QJA,1QJB,2C1J,2C1N,2O02,2WH0,3CU8,3NKX,3RDH,4BG6,4FJ3,4HKC,4IHL,4N7G,4N7Y,4N84,4WRQ,4ZDR,5D2D,5D3F,5EWZ,5EXA,5J31,5JM4,5M35,5M36,5M37,5NAS,5ULO,5WXN,5XY9,6EF5,6EJL,6EWW,6F08,6F09,6FN9,6FNA,6FNB,6FNC,6Q0K,6RLZ,6U2H,6XAG,6YMO,6YO8,6YOS,6ZFD,6ZFG,7D8H,7D8P,7D9V,7MFD,7MFE,7MFF,7Q16,7ZIT,8A9G,8AH2,8P1H,8QDV,8WE2,8WF6",,,,,,,,,,,,,,,,,,,,,,,,,,,,,,,,,,,,,,,,,,,,,,,,,,,,,,,,,,,,,,,,,,,,,,,,,,,,,,,,,,,YWHAZ,,,,,,,,,,,,,,,,,,,,,,,,,,,
2,P63104,P63104-1(*),ENSG00000164924,ENSP00000379283,ENST00000395953,not-assigned,"1IB1,1QJA,1QJB,2C1J,2C1N,2O02,2WH0,3CU8,3NKX,3RDH,4BG6,4FJ3,4HKC,4IHL,4N7G,4N7Y,4N84,4WRQ,4ZDR,5D2D,5D3F,5EWZ,5EXA,5J31,5JM4,5M35,5M36,5M37,5NAS,5ULO,5WXN,5XY9,6EF5,6EJL,6EWW,6F08,6F09,6FN9,6FNA,6FNB,6FNC,6Q0K,6RLZ,6U2H,6XAG,6YMO,6YO8,6YOS,6ZFD,6ZFG,7D8H,7D8P,7D9V,7MFD,7MFE,7MFF,7Q16,7ZIT,8A9G,8AH2,8P1H,8QDV,8WE2,8WF6",,,,,,,,,,,,,,,,,,,,,,,,,,,,,,,,,,,,,,,,,,,,,,,,,,,,,,,,,,,,,,,,,,,,,,,,,,,,,,,,,,,YWHAZ,,,,,,,,,,,,,,,,,,,,,,,,,,,
3,P63104,P63104-1(*),ENSG00000164924,ENSP00000379286,ENST00000395956,NM_001135700,"1IB1,1QJA,1QJB,2C1J,2C1N,2O02,2WH0,3CU8,3NKX,3RDH,4BG6,4FJ3,4HKC,4IHL,4N7G,4N7Y,4N84,4WRQ,4ZDR,5D2D,5D3F,5EWZ,5EXA,5J31,5JM4,5M35,5M36,5M37,5NAS,5ULO,5WXN,5XY9,6EF5,6EJL,6EWW,6F08,6F09,6FN9,6FNA,6FNB,6FNC,6Q0K,6RLZ,6U2H,6XAG,6YMO,6YO8,6YOS,6ZFD,6ZFG,7D8H,7D8P,7D9V,7MFD,7MFE,7MFF,7Q16,7ZIT,8A9G,8AH2,8P1H,8QDV,8WE2,8WF6",,,,,,,,,,,,,,,,,,,,,,,,,,,,,,,,,,,,,,,,,,,,,,,,,,,,,,,,,,,,,,,,,,,,,,,,,,,,,,,,,,,YWHAZ,,,,,,,,,,,,,,,,,,,,,,,,,,,
4,P63104,P63104-1(*),ENSG00000164924,ENSP00000379287,ENST00000395957,not-assigned,"1IB1,1QJA,1QJB,2C1J,2C1N,2O02,2WH0,3CU8,3NKX,3RDH,4BG6,4FJ3,4HKC,4IHL,4N7G,4N7Y,4N84,4WRQ,4ZDR,5D2D,5D3F,5EWZ,5EXA,5J31,5JM4,5M35,5M36,5M37,5NAS,5ULO,5WXN,5XY9,6EF5,6EJL,6EWW,6F08,6F09,6FN9,6FNA,6FNB,6FNC,6Q0K,6RLZ,6U2H,6XAG,6YMO,6YO8,6YOS,6ZFD,6ZFG,7D8H,7D8P,7D9V,7MFD,7MFE,7MFF,7Q16,7ZIT,8A9G,8AH2,8P1H,8QDV,8WE2,8WF6",,,,,,,,,,,,,,,,,,,,,,,,,,,,,,,,,,,,,,,,,,,,,,,,,,,,,,,,,,,,,,,,,,,,,,,,,,,,,,,,,,,YWHAZ,,,,,,,,,,,,,,,,,,,,,,,,,,,
5,P63104,P63104-1(*),ENSG00000164924,ENSP00000379288,ENST00000395958(*),NM_145690(MANE),"1IB1,1QJA,1QJB,2C1J,2C1N,2O02,2WH0,3CU8,3NKX,3RDH,4BG6,4FJ3,4HKC,4IHL,4N7G,4N7Y,4N84,4WRQ,4ZDR,5D2D,5D3F,5EWZ,5EXA,5J31,5JM4,5M35,5M36,5M37,5NAS,5ULO,5WXN,5XY9,6EF5,6EJL,6EWW,6F08,6F09,6FN9,6FNA,6FNB,6FNC,6Q0K,6RLZ,6U2H,6XAG,6YMO,6YO8,6YOS,6ZFD,6ZFG,7D8H,7D8P,7D9V,7MFD,7MFE,7MFF,7Q16,7ZIT,8A9G,8AH2,8P1H,8QDV,8WE2,8WF6",,,,,,,,,,,,,,,,,,,,,,,,,,,,,,,,,,,,,,,,,,,,,,,,,,,,,,,,,,,,,,,,,,,,,,,,,,,,,,,,,,,YWHAZ,,,,,,,,,,,,,,,,,,,,,,,,,,,
6,P63104,P63104-1(*),ENSG00000164924,ENSP00000395114,ENST00000419477,NM_001135701,"1IB1,1QJA,1QJB,2C1J,2C1N,2O02,2WH0,3CU8,3NKX,3RDH,4BG6,4FJ3,4HKC,4IHL,4N7G,4N7Y,4N84,4WRQ,4ZDR,5D2D,5D3F,5EWZ,5EXA,5J31,5JM4,5M35,5M36,5M37,5NAS,5ULO,5WXN,5XY9,6EF5,6EJL,6EWW,6F08,6F09,6FN9,6FNA,6FNB,6FNC,6Q0K,6RLZ,6U2H,6XAG,6YMO,6YO8,6YOS,6ZFD,6ZFG,7D8H,7D8P,7D9V,7MFD,7MFE,7MFF,7Q16,7ZIT,8A9G,8AH2,8P1H,8QDV,8WE2,8WF6",,,,,,,,,,,,,,,,,,,,,,,,,,,,,,,,,,,,,,,,,,,,,,,,,,,,,,,,,,,,,,,,,,,,,,,,,,,,,,,,,,,YWHAZ,,,,,,,,,,,,,,,,,,,,,,,,,,,
7,P63104,P63104-1(*),ENSG00000164924,ENSP00000398599,ENST00000457309,NM_001135699,"1IB1,1QJA,1QJB,2C1J,2C1N,2O02,2WH0,3CU8,3NKX,3RDH,4BG6,4FJ3,4HKC,4IHL,4N7G,4N7Y,4N84,4WRQ,4ZDR,5D2D,5D3F,5EWZ,5EXA,5J31,5JM4,5M35,5M36,5M37,5NAS,5ULO,5WXN,5XY9,6EF5,6EJL,6EWW,6F08,6F09,6FN9,6FNA,6FNB,6FNC,6Q0K,6RLZ,6U2H,6XAG,6YMO,6YO8,6YOS,6ZFD,6ZFG,7D8H,7D8P,7D9V,7MFD,7MFE,7MFF,7Q16,7ZIT,8A9G,8AH2,8P1H,8QDV,8WE2,8WF6",,,,,,,,,,,,,,,,,,,,,,,,,,,,,,,,,,,,,,,,,,,,,,,,,,,,,,,,,,,,,,,,,,,,,,,,,,,,,,,,,,,YWHAZ,,,,,,,,,,,,,,,,,,,,,,,,,,,
8,P63104,P63104-2,ENSG00000164924,ENSP00000430072,ENST00000522542,not-assigned,,,,,,,,,,,,,,,,,,,,,,,,,,,,,,,,,,,,,,,,,,,,,,,,,,,,,,,,,,,,,,,,,,,,,,,,,,,,,,,,,,,,YWHAZ,,,,,,,,,,,,,,,,,,,,,,,,,,,
0,Q9NZD4,Q9NZD4(*),ENSG00000169877,ENSP00000307199,ENST00000302312(*),NM_001318221,"1W09,1W0A,1W0B,1XZY,1Y01,1Z8U,3IA3,3OVU",,,,,,,,,,,,,,,,,,,,,,,,,,,,,,,,,,,,,,,,,,,,,,,,,,,,,,,,,,,,,,,,,,,,,,,,,,,,,,,,,,,,AHSP,,,,,,,,,,,,,,,,,,,,,,,,,,
1,Q9NZD4,Q9NZD4(*),ENSG00000169877,ENSP00000307199,ENST00000302312(*),NM_001318222,"1W09,1W0A,1W0B,1XZY,1Y01,1Z8U,3IA3,3OVU",,,,,,,,,,,,,,,,,,,,,,,,,,,,,,,,,,,,,,,,,,,,,,,,,,,,,,,,,,,,,,,,,,,,,,,,,,,,,,,,,,,,AHSP,,,,,,,,,,,,,,,,,,,,,,,,,,
2,Q9NZD4,Q9NZD4(*),ENSG00000169877,ENSP00000307199,ENST00000302312(*),NM_016633(MANE),"1W09,1W0A,1W0B,1XZY,1Y01,1Z8U,3IA3,3OVU",,,,,,,,,,,,,,,,,,,,,,,,,,,,,,,,,,,,,,,,,,,,,,,,,,,,,,,,,,,,,,,,,,,,,,,,,,,,,,,,,,,,AHSP,,,,,,,,,,,,,,,,,,,,,,,,,,
0,O00170,O00170(*),ENSG00000110711,ENSP00000279146,ENST00000279146(*),NM_003977(MANE),"2LKN,4AIF,4APO,7ZUB,8QMO",,,,,,,,,,,,,,,,,,,,,,,,,,,,,,,,,,,,,,,,,,,,,,,,,,,,,,,,,,,,,,,,,,,,,,,,,,,,,,,,,,,,,AIP,,,,,,,,,,,,,,,,,,,,,,,,,
1,O00170,not-assigned,ENSG00000110711,ENSP00000507343,ENST00000683237,NM_001302960,,,,,,,,,,,,,,,,,,,,,,,,,,,,,,,,,,,,,,,,,,,,,,,,,,,,,,,,,,,,,,,,,,,,,,,,,,,,,,,,,,,,,,AIP,,,,,,,,,,,,,,,,,,,,,,,,,
2,O00170,not-assigned,ENSG00000110711,ENSP00000507979,ENST00000683856,NM_001302959,,,,,,,,,,,,,,,,,,,,,,,,,,,,,,,,,,,,,,,,,,,,,,,,,,,,,,,,,,,,,,,,,,,,,,,,,,,,,,,,,,,,,,AIP,,,,,,,,,,,,,,,,,,,,,,,,,
0,Q9NZN9,Q9NZN9-1(*),ENSG00000129221,ENSP00000370521,ENST00000381129(*),NM_014336(MANE),"5U9A,5U9I,5U9J,5U9K,5V35,6PX0",,,,,,,,,,,,,,,,,,,,,,,,,,,,,,,,,,,,,,,,,,,,,,,,,,,,,,,,,,,,,,,,,,,,,,,,,,,,,,,,,,,,,,AIPL1,,,,,,,,,,,,,,,,,,,,,,,,
1,Q9NZN9,Q9NZN9-2,ENSG00000129221,ENSP00000459522,ENST00000576307,NM_001033055,,,,,,,,,,,,,,,,,,,,,,,,,,,,,,,,,,,,,,,,,,,,,,,,,,,,,,,,,,,,,,,,,,,,,,,,,,,,,,,,,,,,,,,AIPL1,,,,,,,,,,,,,,,,,,,,,,,,
2,Q9NZN9,Q9NZN9-3,ENSG00000129221,ENSP00000250087,ENST00000250087,NM_001033054,,,,,,,,,,,,,,,,,,,,,,,,,,,,,,,,,,,,,,,,,,,,,,,,,,,,,,,,,,,,,,,,,,,,,,,,,,,,,,,,,,,,,,,AIPL1,,,,,,,,,,,,,,,,,,,,,,,,
3,Q9NZN9,Q9NZN9-4,ENSG00000129221,ENSP00000461287,ENST00000570466,NM_001285400,,,,,,,,,,,,,,,,,,,,,,,,,,,,,,,,,,,,,,,,,,,,,,,,,,,,,,,,,,,,,,,,,,,,,,,,,,,,,,,,,,,,,,,AIPL1,,,,,,,,,,,,,,,,,,,,,,,,
4,Q9NZN9,Q9NZN9-5,ENSG00000129221,ENSP00000460827,ENST00000576776,NM_001285401,,,,,,,,,,,,,,,,,,,,,,,,,,,,,,,,,,,,,,,,,,,,,,,,,,,,,,,,,,,,,,,,,,,,,,,,,,,,,,,,,,,,,,,AIPL1,,,,,,,,,,,,,,,,,,,,,,,,
5,Q9NZN9,not-assigned,ENSG00000129221,ENSP00000458456,ENST00000574506,NM_001285399,,,,,,,,,,,,,,,,,,,,,,,,,,,,,,,,,,,,,,,,,,,,,,,,,,,,,,,,,,,,,,,,,,,,,,,,,,,,,,,,,,,,,,,AIPL1,,,,,,,,,,,,,,,,,,,,,,,,
6,Q9NZN9,not-assigned,ENSG00000129221,ENSP00000460134,ENST00000571740,NM_001285403,,,,,,,,,,,,,,,,,,,,,,,,,,,,,,,,,,,,,,,,,,,,,,,,,,,,,,,,,,,,,,,,,,,,,,,,,,,,,,,,,,,,,,,AIPL1,,,,,,,,,,,,,,,,,,,,,,,,
0,P61981,P61981(*),ENSG00000170027,ENSP00000306330,ENST00000307630(*),NM_012479(MANE),"2B05,3UZD,4E2E,4J6S,4O46,5D3E,6A5S,6BYJ,6BYL,6BZD,6FEL,6GKF,6GKG,6S9K,6SAD,6Y4K,6Y6B,6ZBT,6ZC9,7A6R,7A6Y",,,,,,,,,,,,,,,,,,,,,,,,,,,,,,,,,,,,,,,,,,,,,,,,,,,,,,,,,,,,,,,,,,,,,,,,,,,,,,,,,,,,,,,YWHAG,,,,,,,,,,,,,,,,,,,,,,,
0,P31947,P31947-1(*),ENSG00000175793,ENSP00000340989,ENST00000339276(*),NM_006142(MANE),"1YWT,1YZ5,3IQJ,3IQU,3IQV,3LW1,3MHR,3O8I,3P1N,3P1O,3P1P,3P1Q,3P1R,3P1S,3SMK,3SML,3SMM,3SMN,3SMO,3SP5,3SPR,3T0L,3T0M,3U9X,3UX0,4DAT,4DAU,4DHM,4DHN,4DHO,4DHP,4DHQ,4DHR,4DHS,4DHT,4DHU,4FL5,4FR3,4IEA,4JC3,4JDD,4QLI,4Y32,4Y3B,4Y5I,5BTV,5HF3,5LTW,5LU1,5LU2,5MHC,5MOC,5MXO,5MY9,5MYC,5N5R,5N5T,5N5W,5N75,5OEG,5OEH,5OK9,5OKF,5OM0,5OMA,6FAU,6FAV,6FAW,6FBB,6FBW,6FBY,6FCP,6FI4,6FI5,6G6X,6G8I,6G8J,6G8K,6G8L,6G8P,6G8Q,6GHP,6HHP,6HKB,6HKF,6HMT,6HMU,6HN2,6NV2,6QDR,6QDS,6QDT,6QDU,6QHL,6QHM,6QIU,6QZR,6QZS,6R5L,6RHC,6RJL,6RJQ,6RJZ,6RK8,6RKI,6RKK,6RKM,6RL3,6RL4,6RL6,6RM5,6RM7,6RP6,6RWH,6RWI,6RWS,6RWU,6RX2,6S39,6S3C,6S40,6S9Q,6SIN,6SIO,6SIP,6SIQ,6SLV,6SLW,6SLX,6T5F,6T5H,6T80,6TCH,6TJM,6TL3,6TLF,6TLG,6TM7,6TWZ,6W0L,6XWD,6XXC,6XY5,6Y18,6Y1D,6Y1J,6Y3M,6Y3O,6Y3R,6Y3S,6Y3V,6Y3W,6Y40,6Y44,6Y58,6Y7T,6Y8A,6Y8B,6Y8D,6Y8E,6YE9,6YIA,6YIB,6YIC,6YLU,6YOW,6YOX,6YOY,6YP2,6YP3,6YP8,6YPL,6YPY,6YQ2,6YR5,6YR6,6YR7,6ZCJ,6ZVB,6ZVC,6ZVD,6ZVE,7AEW,7AOG,7AXN,7AYF,7AZ1,7AZ2,7B13,7B15,7B9M,7B9R,7B9T,7BA3,7BA5,7BA6,7BA7,7BA8,7BA9,7BAA,7BAB,7BDP,7BDT,7BDY,7BFW,7BG3,7BGQ,7BGR,7BGV,7BGW,7BI3,7BIQ,7BIW,7BIY,7BJB,7BJF,7BJL,7BJW,7BKH,7BM9,7BMC,7NFW,7NIF,7NIG,7NIX,7NIZ,7NJ6,7NJ8,7NJ9,7NJA,7NJB,7NK3,7NK5,7NLA,7NLE,7NM1,7NM3,7NM9,7NMA,7NMH,7NMW,7NMX,7NN2,7NND,7NNE,7NP2,7NPB,7NPG,7NQP,7NR7,7NRK,7NRL,7NSV,7NV4,7NVI,7NWS,7NXS,7NXT,7NXW,7NXY,7NY4,7NYE,7NYF,7NYG,7NZ6,7NZG,7NZK,7NZV,7O07,7O34,7O3A,7O3F,7O3P,7O3Q,7O3R,7O3S,7O57,7O59,7O5A,7O5C,7O5D,7O5F,7O5G,7O5O,7O5P,7O5S,7O5U,7O5X,7O6F,7O6G,7O6I,7O6J,7O6K,7O6M,7O6O,7OB5,7OB8,7OBC,7OBD,7OBG,7OBH,7OBK,7OBL,7OBS,7OBT,7OBX,7OBY,7OPW,7OQ7,7OQ8,7OQ9,7OQA,7OQG,7OQJ,7OQS,7OQU,7OQW,7OR3,7OR5,7OR7,7OR8,7ORG,7ORH,7ORS,7ORT,7PWT,7PWZ,7QIK,7QIP,7ZMU,7ZMW,8A62,8A65,8A68,8A6F,8A6H,8ADM,8AFN,8AI0,8ALR,8ALT,8ALV,8ALW,8AM7,8ANB,8ANC,8ANF,8AOY,8APS,8AQ1,8AQC,8AQE,8AQZ,8AR4,8AR5,8ARG,8ARO,8ARQ,8ARR,8ARW,8ARX,8ARY,8ARZ,8AS1,8AT9,8ATP,8ATR,8ATS,8AU2,8AUS,8AUY,8AV0,8AV3,8AV4,8AV7,8AV8,8AWG,8AXE,8AXU,8AZE,8B2I,8B2K,8B39,8B4Q,8B5P,8BFC,8BI7,8BJG,8BJN,8BM5,8BTQ,8BWE,8BWH,8BWJ,8BWX,8BWZ,8BX0,8BX3,8BX4,8BXI,8BXM,8BXN,8BXO,8BXQ,8BXS,8BY9,8BYB,8BYC,8BYD,8BYE,8BYF,8BYG,8BYO,8BYY,8BYZ,8BZ0,8BZ9,8BZA,8BZB,8BZC,8BZD,8BZE,8BZF,8BZG,8BZH,8BZT,8BZW,8C04,8C0K,8C0L,8C1Y,8C28,8C2D,8C2E,8C2F,8C2G,8C2Y,8C30,8C3C,8C3Z,8C40,8C42,8C43,8C4F,8C4G,8P0D,8Q4L,8R0Z,9AXA",,,,,,,,,,,,,,,,,,,,,,,,,,,,,,,,,,,,,,,,,,,,,,,,,,,,,,,,,,,,,,,,,,,,,,,,,,,,,,,,,,,,,,,,SFN,,,,,,,,,,,,,,,,,,,,,,
0,Q04917,Q04917(*),ENSG00000128245,ENSP00000248975,ENST00000248975(*),NM_003405(MANE),"2C63,2C74,7NMZ",,,,,,,,,,,,,,,,,,,,,,,,,,,,,,,,,,,,,,,,,,,,,,,,,,,,,,,,,,,,,,,,,,,,,,,,,,,,,,,,,,,,,,,,,YWHAH,,,,,,,,,,,,,,,,,,,,,
0,P62258,P62258-1(*),ENSG00000108953,ENSP00000264335,ENST00000264335(*),NM_006761(MANE),"2BR9,3UAL,3UBW,6EIH,7C8E,7V9B,8DGM,8DGN,8DGP,8DP5,8Q1S",,,,,,,,,,,,,,,,,,,,,,,,,,,,,,,,,,,,,,,,,,,,,,,,,,,,,,,,,,,,,,,,,,,,,,,,,,,,,,,,,,,,,,,,,,YWHAE,,,,,,,,,,,,,,,,,,,,
1,P62258,P62258-1(*),ENSG00000274474,ENSP00000487356,ENST00000627231(*),NM_006761,"2BR9,3UAL,3UBW,6EIH,7C8E,7V9B,8DGM,8DGN,8DGP,8DP5,8Q1S",,,,,,,,,,,,,,,,,,,,,,,,,,,,,,,,,,,,,,,,,,,,,,,,,,,,,,,,,,,,,,,,,,,,,,,,,,,,,,,,,,,,,,,,,,YWHAE,,,,,,,,,,,,,,,,,,,,
2,P62258,P62258-2,ENSG00000108953,ENSP00000461762,ENST00000571732,not-assigned,,,,,,,,,,,,,,,,,,,,,,,,,,,,,,,,,,,,,,,,,,,,,,,,,,,,,,,,,,,,,,,,,,,,,,,,,,,,,,,,,,,,,,,,,,,YWHAE,,,,,,,,,,,,,,,,,,,,
3,P62258,P62258-2,ENSG00000274474,ENSP00000481059,ENST00000616643,not-assigned,,,,,,,,,,,,,,,,,,,,,,,,,,,,,,,,,,,,,,,,,,,,,,,,,,,,,,,,,,,,,,,,,,,,,,,,,,,,,,,,,,,,,,,,,,,YWHAE,,,,,,,,,,,,,,,,,,,,
0,P27348,P27348(*),ENSG00000134308,ENSP00000238081,ENST00000238081(*),NM_006826(MANE),"2BTP,5IQP,6BCR,6BCY,6BD1,6BD2,6BQT,6KZG,6KZH",,,,,,,,,,,,,,,,,,,,,,,,,,,,,,,,,,,,,,,,,,,,,,,,,,,,,,,,,,,,,,,,,,,,,,,,,,,,,,,,,,,,,,,,,,,YWHAQ,,,,,,,,,,,,,,,,,,,
1,P27348,P27348(*),ENSG00000134308,ENSP00000371267,ENST00000381844,not-assigned,"2BTP,5IQP,6BCR,6BCY,6BD1,6BD2,6BQT,6KZG,6KZH",,,,,,,,,,,,,,,,,,,,,,,,,,,,,,,,,,,,,,,,,,,,,,,,,,,,,,,,,,,,,,,,,,,,,,,,,,,,,,,,,,,,,,,,,,,YWHAQ,,,,,,,,,,,,,,,,,,,
0,Q16143,Q16143(*),ENSG00000074317,ENSP00000308057,ENST00000310112,NM_001001502,not-available,,,,,,,,,,,,,,,,,,,,,,,,,,,,,,,,,,,,,,,,,,,,,,,,,,,,,,,,,,,,,,,,,,,,,,,,,,,,,,,,,,,,,,,,,,,,SNCB,,,,,,,,,,,,,,,,,,
1,Q16143,Q16143(*),ENSG00000074317,ENSP00000308057,ENST00000310112,NM_001318035,not-available,,,,,,,,,,,,,,,,,,,,,,,,,,,,,,,,,,,,,,,,,,,,,,,,,,,,,,,,,,,,,,,,,,,,,,,,,,,,,,,,,,,,,,,,,,,,SNCB,,,,,,,,,,,,,,,,,,
2,Q16143,Q16143(*),ENSG00000074317,ENSP00000377296,ENST00000393693(*),NM_001318037,not-available,,,,,,,,,,,,,,,,,,,,,,,,,,,,,,,,,,,,,,,,,,,,,,,,,,,,,,,,,,,,,,,,,,,,,,,,,,,,,,,,,,,,,,,,,,,,SNCB,,,,,,,,,,,,,,,,,,
3,Q16143,Q16143(*),ENSG00000074317,ENSP00000377296,ENST00000393693(*),NM_001363140,not-available,,,,,,,,,,,,,,,,,,,,,,,,,,,,,,,,,,,,,,,,,,,,,,,,,,,,,,,,,,,,,,,,,,,,,,,,,,,,,,,,,,,,,,,,,,,,SNCB,,,,,,,,,,,,,,,,,,
4,Q16143,Q16143(*),ENSG00000074317,ENSP00000377296,ENST00000393693(*),NM_003085(MANE),not-available,,,,,,,,,,,,,,,,,,,,,,,,,,,,,,,,,,,,,,,,,,,,,,,,,,,,,,,,,,,,,,,,,,,,,,,,,,,,,,,,,,,,,,,,,,,,SNCB,,,,,,,,,,,,,,,,,,
5,Q16143,Q16143(*),ENSG00000074317,ENSP00000422223,ENST00000506696,not-assigned,not-available,,,,,,,,,,,,,,,,,,,,,,,,,,,,,,,,,,,,,,,,,,,,,,,,,,,,,,,,,,,,,,,,,,,,,,,,,,,,,,,,,,,,,,,,,,,,SNCB,,,,,,,,,,,,,,,,,,
6,Q16143,Q16143(*),ENSG00000074317,ENSP00000424073,ENST00000510387,not-assigned,not-available,,,,,,,,,,,,,,,,,,,,,,,,,,,,,,,,,,,,,,,,,,,,,,,,,,,,,,,,,,,,,,,,,,,,,,,,,,,,,,,,,,,,,,,,,,,,SNCB,,,,,,,,,,,,,,,,,,
0,O76070,O76070(*),ENSG00000173267,ENSP00000361087,ENST00000372017(*),NM_003087(MANE),not-available,,,,,,,,,,,,,,,,,,,,,,,,,,,,,,,,,,,,,,,,,,,,,,,,,,,,,,,,,,,,,,,,,,,,,,,,,,,,,,,,,,,,,,,,,,,,,SNCG,,,,,,,,,,,,,,,,,
1,O76070,not-assigned,ENSG00000173267,ENSP00000344658,ENST00000348795,NM_001330120,,,,,,,,,,,,,,,,,,,,,,,,,,,,,,,,,,,,,,,,,,,,,,,,,,,,,,,,,,,,,,,,,,,,,,,,,,,,,,,,,,,,,,,,,,,,,,SNCG,,,,,,,,,,,,,,,,,
0,No Protein coding transcript for this gene,,,,,,,,,,,,,,,,,,,,,,,,,,,,,,,,,,,,,,,,,,,,,,,,,,,,,,,,,,,,,,,,,,,,,,,,,,,,,,,,,,,,,,,,,,,,,,,,,,,,CCT8L1P,,,,,,,,,,,,,,,,
0,P78371,P78371-1(*),ENSG00000166226,ENSP00000299300,ENST00000299300(*),NM_006431(MANE),"6NR8,6NR9,6NRA,6NRB,6NRC,6NRD,6QB8,7LUM,7LUP,7NVL,7NVM,7NVN,7NVO,7TRG,7TTN,7TTT,7TUB,7WU7,7WZ3,7X0A,7X0S,7X0V,7X3J,7X3U,7X6Q,7X7Y,8HKI,8I1U,8I9U,8IB8,8SFE,8SFF,8SG8,8SG9,8SGC,8SGL,8SGQ,8SH9,8SHA,8SHD,8SHE,8SHF,8SHG,8SHL,8SHN,8SHO,8SHP,8SHQ,8SHT",,,,,,,,,,,,,,,,,,,,,,,,,,,,,,,,,,,,,,,,,,,,,,,,,,,,,,,,,,,,,,,,,,,,,,,,,,,,,,,,,,,,,,,,,,,,,,,CCT2,,,,,,,,,,,,,,,
1,P78371,P78371-2,ENSG00000166226,ENSP00000445471,ENST00000543146,NM_001198842,,,,,,,,,,,,,,,,,,,,,,,,,,,,,,,,,,,,,,,,,,,,,,,,,,,,,,,,,,,,,,,,,,,,,,,,,,,,,,,,,,,,,,,,,,,,,,,,CCT2,,,,,,,,,,,,,,,
0,P50991,P50991-1(*),ENSG00000115484,ENSP00000377958,ENST00000394440(*),NM_006430(MANE),"6NR8,6NR9,6NRA,6NRB,6NRC,6NRD,6QB8,7LUM,7LUP,7NVL,7NVM,7NVN,7NVO,7TRG,7TTN,7TTT,7TUB,7WU7,7WZ3,7X0A,7X0S,7X0V,7X3J,7X3U,7X6Q,7X7Y,8HKI,8I1U,8I9Q,8I9U,8IB8,8SFE,8SFF,8SG8,8SG9,8SGC,8SGL,8SGQ,8SH9,8SHA,8SHD,8SHE,8SHF,8SHG,8SHL,8SHN,8SHO,8SHP,8SHQ,8SHT",,,,,,,,,,,,,,,,,,,,,,,,,,,,,,,,,,,,,,,,,,,,,,,,,,,,,,,,,,,,,,,,,,,,,,,,,,,,,,,,,,,,,,,,,,,,,,,,CCT4,,,,,,,,,,,,,,
1,P50991,P50991-2,ENSG00000115484,ENSP00000443061,ENST00000544079,NM_001256721,,,,,,,,,,,,,,,,,,,,,,,,,,,,,,,,,,,,,,,,,,,,,,,,,,,,,,,,,,,,,,,,,,,,,,,,,,,,,,,,,,,,,,,,,,,,,,,,,CCT4,,,,,,,,,,,,,,
0,Q99832,Q99832-1(*),ENSG00000135624,ENSP00000258091,ENST00000258091(*),NM_006429(MANE),"6NR8,6NR9,6NRA,6NRB,6NRC,6NRD,6QB8,7LUM,7LUP,7NVL,7NVM,7NVN,7NVO,7TRG,7TTN,7TTT,7TUB,7WU7,7WZ3,7X0A,7X0S,7X0V,7X3J,7X3U,7X6Q,7X7Y,8HKI,8I1U,8I9U,8IB8,8SFE,8SFF,8SG8,8SG9,8SGC,8SGL,8SGQ,8SH9,8SHA,8SHD,8SHE,8SHF,8SHG,8SHL,8SHN,8SHO,8SHP,8SHQ,8SHT",,,,,,,,,,,,,,,,,,,,,,,,,,,,,,,,,,,,,,,,,,,,,,,,,,,,,,,,,,,,,,,,,,,,,,,,,,,,,,,,,,,,,,,,,,,,,,,,,CCT7,,,,,,,,,,,,,
1,Q99832,Q99832-2,ENSG00000135624,ENSP00000381456,ENST00000398422,NM_001009570,,,,,,,,,,,,,,,,,,,,,,,,,,,,,,,,,,,,,,,,,,,,,,,,,,,,,,,,,,,,,,,,,,,,,,,,,,,,,,,,,,,,,,,,,,,,,,,,,,CCT7,,,,,,,,,,,,,
2,Q99832,Q99832-3,ENSG00000135624,ENSP00000437824,ENST00000539919,NM_001166285,,,,,,,,,,,,,,,,,,,,,,,,,,,,,,,,,,,,,,,,,,,,,,,,,,,,,,,,,,,,,,,,,,,,,,,,,,,,,,,,,,,,,,,,,,,,,,,,,,CCT7,,,,,,,,,,,,,
3,Q99832,Q99832-4,ENSG00000135624,ENSP00000442058,ENST00000540468,NM_001166284,,,,,,,,,,,,,,,,,,,,,,,,,,,,,,,,,,,,,,,,,,,,,,,,,,,,,,,,,,,,,,,,,,,,,,,,,,,,,,,,,,,,,,,,,,,,,,,,,,CCT7,,,,,,,,,,,,,
0,P49368,P49368-1(*),ENSG00000163468,ENSP00000295688,ENST00000295688(*),NM_005998(MANE),"6NR8,6NR9,6NRA,6NRB,6NRC,6NRD,6QB8,7LUM,7LUP,7NVL,7NVM,7NVN,7NVO,7TRG,7TTN,7TTT,7TUB,7WU7,7WZ3,7X0A,7X0S,7X0V,7X3J,7X3U,7X6Q,7X7Y,8HKI,8I1U,8I6J,8I9U,8IB8,8SFE,8SFF,8SG8,8SG9,8SGC,8SGL,8SGQ,8SH9,8SHA,8SHD,8SHE,8SHF,8SHG,8SHL,8SHN,8SHO,8SHP,8SHQ,8SHT",,,,,,,,,,,,,,,,,,,,,,,,,,,,,,,,,,,,,,,,,,,,,,,,,,,,,,,,,,,,,,,,,,,,,,,,,,,,,,,,,,,,,,,,,,,,,,,,,,CCT3,,,,,,,,,,,,
1,P49368,P49368-2,ENSG00000163468,ENSP00000357242,ENST00000368259,NM_001008800,,,,,,,,,,,,,,,,,,,,,,,,,,,,,,,,,,,,,,,,,,,,,,,,,,,,,,,,,,,,,,,,,,,,,,,,,,,,,,,,,,,,,,,,,,,,,,,,,,,CCT3,,,,,,,,,,,,
0,Q15185,Q15185-1(*),ENSG00000110958,ENSP00000262033,ENST00000262033(*),NM_006601(MANE),"1EJF,7KRJ,7L7I,7L7J",,,,,,,,,,,,,,,,,,,,,,,,,,,,,,,,,,,,,,,,,,,,,,,,,,,,,,,,,,,,,,,,,,,,,,,,,,,,,,,,,,,,,,,,,,,,,,,,,,,PTGES3,,,,,,,,,,,
1,Q15185,Q15185-2,ENSG00000110958,ENSP00000402385,ENST00000436399,NM_001282603,,,,,,,,,,,,,,,,,,,,,,,,,,,,,,,,,,,,,,,,,,,,,,,,,,,,,,,,,,,,,,,,,,,,,,,,,,,,,,,,,,,,,,,,,,,,,,,,,,,,PTGES3,,,,,,,,,,,
2,Q15185,Q15185-3,ENSG00000110958,ENSP00000405299,ENST00000414274,NM_001282602,,,,,,,,,,,,,,,,,,,,,,,,,,,,,,,,,,,,,,,,,,,,,,,,,,,,,,,,,,,,,,,,,,,,,,,,,,,,,,,,,,,,,,,,,,,,,,,,,,,,PTGES3,,,,,,,,,,,
3,Q15185,Q15185-3,ENSG00000110958,ENSP00000405299,ENST00000414274,NM_001282605,,,,,,,,,,,,,,,,,,,,,,,,,,,,,,,,,,,,,,,,,,,,,,,,,,,,,,,,,,,,,,,,,,,,,,,,,,,,,,,,,,,,,,,,,,,,,,,,,,,,PTGES3,,,,,,,,,,,
4,Q15185,Q15185-4,ENSG00000110958,ENSP00000414892,ENST00000448157,NM_001282601,,,,,,,,,,,,,,,,,,,,,,,,,,,,,,,,,,,,,,,,,,,,,,,,,,,,,,,,,,,,,,,,,,,,,,,,,,,,,,,,,,,,,,,,,,,,,,,,,,,,PTGES3,,,,,,,,,,,
5,Q15185,not-assigned,ENSG00000110958,ENSP00000482075,ENST00000614328,NM_001282604,,,,,,,,,,,,,,,,,,,,,,,,,,,,,,,,,,,,,,,,,,,,,,,,,,,,,,,,,,,,,,,,,,,,,,,,,,,,,,,,,,,,,,,,,,,,,,,,,,,,PTGES3,,,,,,,,,,,
0,Q8N3C7,Q8N3C7-1(*),ENSG00000115295,ENSP00000327009,ENST00000320081(*),NM_001287527,2Z0W,,,,,,,,,,,,,,,,,,,,,,,,,,,,,,,,,,,,,,,,,,,,,,,,,,,,,,,,,,,,,,,,,,,,,,,,,,,,,,,,,,,,,,,,,,,,,,,,,,,,CLIP4,,,,,,,,,,
1,Q8N3C7,Q8N3C7-1(*),ENSG00000115295,ENSP00000327009,ENST00000320081(*),NM_024692(MANE),2Z0W,,,,,,,,,,,,,,,,,,,,,,,,,,,,,,,,,,,,,,,,,,,,,,,,,,,,,,,,,,,,,,,,,,,,,,,,,,,,,,,,,,,,,,,,,,,,,,,,,,,,CLIP4,,,,,,,,,,
2,Q8N3C7,Q8N3C7-1(*),ENSG00000115295,ENSP00000385594,ENST00000404424,not-assigned,2Z0W,,,,,,,,,,,,,,,,,,,,,,,,,,,,,,,,,,,,,,,,,,,,,,,,,,,,,,,,,,,,,,,,,,,,,,,,,,,,,,,,,,,,,,,,,,,,,,,,,,,,CLIP4,,,,,,,,,,
3,Q8N3C7,Q8N3C7-1(*),ENSG00000115295,ENSP00000508552,ENST00000690063,not-assigned,2Z0W,,,,,,,,,,,,,,,,,,,,,,,,,,,,,,,,,,,,,,,,,,,,,,,,,,,,,,,,,,,,,,,,,,,,,,,,,,,,,,,,,,,,,,,,,,,,,,,,,,,,CLIP4,,,,,,,,,,
4,Q8N3C7,Q8N3C7-1(*),ENSG00000115295,ENSP00000509159,ENST00000693264,not-assigned,2Z0W,,,,,,,,,,,,,,,,,,,,,,,,,,,,,,,,,,,,,,,,,,,,,,,,,,,,,,,,,,,,,,,,,,,,,,,,,,,,,,,,,,,,,,,,,,,,,,,,,,,,CLIP4,,,,,,,,,,
5,Q8N3C7,Q8N3C7-3,ENSG00000115295,ENSP00000384242,ENST00000401605,NM_001287528,,,,,,,,,,,,,,,,,,,,,,,,,,,,,,,,,,,,,,,,,,,,,,,,,,,,,,,,,,,,,,,,,,,,,,,,,,,,,,,,,,,,,,,,,,,,,,,,,,,,,CLIP4,,,,,,,,,,
0,P30622,P30622-1,ENSG00000130779,ENSP00000303585,ENST00000302528,not-assigned,,,,,,,,,,,,,,,,,,,,,,,,,,,,,,,,,,,,,,,,,,,,,,,,,,,,,,,,,,,,,,,,,,,,,,,,,,,,,,,,,,,,,,,,,,,,,,,,,,,,,,CLIP1,,,,,,,,,
1,P30622,P30622-1,ENSG00000130779,ENSP00000351665,ENST00000358808,NM_002956,,,,,,,,,,,,,,,,,,,,,,,,,,,,,,,,,,,,,,,,,,,,,,,,,,,,,,,,,,,,,,,,,,,,,,,,,,,,,,,,,,,,,,,,,,,,,,,,,,,,,,CLIP1,,,,,,,,,
2,P30622,P30622-2,ENSG00000130779,ENSP00000445531,ENST00000537178,NM_001389291,,,,,,,,,,,,,,,,,,,,,,,,,,,,,,,,,,,,,,,,,,,,,,,,,,,,,,,,,,,,,,,,,,,,,,,,,,,,,,,,,,,,,,,,,,,,,,,,,,,,,,CLIP1,,,,,,,,,
3,P30622,P30622-2,ENSG00000130779,ENSP00000445531,ENST00000537178,NM_198240,,,,,,,,,,,,,,,,,,,,,,,,,,,,,,,,,,,,,,,,,,,,,,,,,,,,,,,,,,,,,,,,,,,,,,,,,,,,,,,,,,,,,,,,,,,,,,,,,,,,,,CLIP1,,,,,,,,,
4,P30622,P30622-3(*),ENSG00000130779,ENSP00000479322,ENST00000620786(*),NM_001247997(MANE),"2CP5,2CP6,2E3H,2E3I,2E4H,2HQH,2QK0,3E2U,3RDV,8WHH,8WHI",,,,,,,,,,,,,,,,,,,,,,,,,,,,,,,,,,,,,,,,,,,,,,,,,,,,,,,,,,,,,,,,,,,,,,,,,,,,,,,,,,,,,,,,,,,,,,,,,,,,,CLIP1,,,,,,,,,
0,Q9UDT6,Q9UDT6-1(*),ENSG00000106665,ENSP00000223398,ENST00000223398(*),NM_003388(MANE),"2CP2,2CP3",,,,,,,,,,,,,,,,,,,,,,,,,,,,,,,,,,,,,,,,,,,,,,,,,,,,,,,,,,,,,,,,,,,,,,,,,,,,,,,,,,,,,,,,,,,,,,,,,,,,,,CLIP2,,,,,,,,
1,Q9UDT6,Q9UDT6-2,ENSG00000106665,ENSP00000355151,ENST00000361545,NM_032421,,,,,,,,,,,,,,,,,,,,,,,,,,,,,,,,,,,,,,,,,,,,,,,,,,,,,,,,,,,,,,,,,,,,,,,,,,,,,,,,,,,,,,,,,,,,,,,,,,,,,,,CLIP2,,,,,,,,
0,Q96DZ5,Q96DZ5(*),ENSG00000105270,ENSP00000353732,ENST00000360535(*),NM_015526(MANE),2CP0,,,,,,,,,,,,,,,,,,,,,,,,,,,,,,,,,,,,,,,,,,,,,,,,,,,,,,,,,,,,,,,,,,,,,,,,,,,,,,,,,,,,,,,,,,,,,,,,,,,,,,,CLIP3,,,,,,,
1,Q96DZ5,Q96DZ5(*),ENSG00000105270,ENSP00000466832,ENST00000593074,NM_001199570,2CP0,,,,,,,,,,,,,,,,,,,,,,,,,,,,,,,,,,,,,,,,,,,,,,,,,,,,,,,,,,,,,,,,,,,,,,,,,,,,,,,,,,,,,,,,,,,,,,,,,,,,,,,CLIP3,,,,,,,
0,O76031,O76031(*),ENSG00000166855,ENSP00000300107,ENST00000300107(*),NM_006660(MANE),not-available,,,,,,,,,,,,,,,,,,,,,,,,,,,,,,,,,,,,,,,,,,,,,,,,,,,,,,,,,,,,,,,,,,,,,,,,,,,,,,,,,,,,,,,,,,,,,,,,,,,,,,,,CLPX,,,,,,
0,O14967,O14967-1(*),ENSG00000153132,ENSP00000326699,ENST00000325617(*),NM_004362(MANE),not-available,,,,,,,,,,,,,,,,,,,,,,,,,,,,,,,,,,,,,,,,,,,,,,,,,,,,,,,,,,,,,,,,,,,,,,,,,,,,,,,,,,,,,,,,,,,,,,,,,,,,,,,,,CLGN,,,,,
1,O14967,O14967-1(*),ENSG00000153132,ENSP00000392782,ENST00000414773,NM_001130675,not-available,,,,,,,,,,,,,,,,,,,,,,,,,,,,,,,,,,,,,,,,,,,,,,,,,,,,,,,,,,,,,,,,,,,,,,,,,,,,,,,,,,,,,,,,,,,,,,,,,,,,,,,,,CLGN,,,,,
0,E9PB15,E9PB15-3,ENSG00000267060,ENSP00000404440,ENST00000451885,NM_001142653,,,,,,,,,,,,,,,,,,,,,,,,,,,,,,,,,,,,,,,,,,,,,,,,,,,,,,,,,,,,,,,,,,,,,,,,,,,,,,,,,,,,,,,,,,,,,,,,,,,,,,,,,,,PTGES3L,,,,
1,E9PB15,not-assigned,ENSG00000267060,ENSP00000386902,ENST00000409446,NM_001142654,,,,,,,,,,,,,,,,,,,,,,,,,,,,,,,,,,,,,,,,,,,,,,,,,,,,,,,,,,,,,,,,,,,,,,,,,,,,,,,,,,,,,,,,,,,,,,,,,,,,,,,,,,,PTGES3L,,,,
0,Q96NT1,Q96NT1(*),ENSG00000177432,ENSP00000320488,ENST00000323061(*),NM_153757(MANE),not-available,,,,,,,,,,,,,,,,,,,,,,,,,,,,,,,,,,,,,,,,,,,,,,,,,,,,,,,,,,,,,,,,,,,,,,,,,,,,,,,,,,,,,,,,,,,,,,,,,,,,,,,,,,,NAP1L5,,,
0,Q86SE8,Q86SE8-1(*),ENSG00000158806,ENSP00000289820,ENST00000289820,not-assigned,3T30,,,,,,,,,,,,,,,,,,,,,,,,,,,,,,,,,,,,,,,,,,,,,,,,,,,,,,,,,,,,,,,,,,,,,,,,,,,,,,,,,,,,,,,,,,,,,,,,,,,,,,,,,,,,NPM2,,
1,Q86SE8,Q86SE8-1(*),ENSG00000158806,ENSP00000381032,ENST00000397940,NM_001413114,3T30,,,,,,,,,,,,,,,,,,,,,,,,,,,,,,,,,,,,,,,,,,,,,,,,,,,,,,,,,,,,,,,,,,,,,,,,,,,,,,,,,,,,,,,,,,,,,,,,,,,,,,,,,,,,NPM2,,
2,Q86SE8,Q86SE8-1(*),ENSG00000158806,ENSP00000381032,ENST00000397940,NM_001413116,3T30,,,,,,,,,,,,,,,,,,,,,,,,,,,,,,,,,,,,,,,,,,,,,,,,,,,,,,,,,,,,,,,,,,,,,,,,,,,,,,,,,,,,,,,,,,,,,,,,,,,,,,,,,,,,NPM2,,
3,Q86SE8,Q86SE8-1(*),ENSG00000158806,ENSP00000381032,ENST00000397940,NM_001413117,3T30,,,,,,,,,,,,,,,,,,,,,,,,,,,,,,,,,,,,,,,,,,,,,,,,,,,,,,,,,,,,,,,,,,,,,,,,,,,,,,,,,,,,,,,,,,,,,,,,,,,,,,,,,,,,NPM2,,
4,Q86SE8,Q86SE8-1(*),ENSG00000158806,ENSP00000381032,ENST00000397940,NM_001413119,3T30,,,,,,,,,,,,,,,,,,,,,,,,,,,,,,,,,,,,,,,,,,,,,,,,,,,,,,,,,,,,,,,,,,,,,,,,,,,,,,,,,,,,,,,,,,,,,,,,,,,,,,,,,,,,NPM2,,
5,Q86SE8,Q86SE8-1(*),ENSG00000158806,ENSP00000381032,ENST00000397940,NM_001413120,3T30,,,,,,,,,,,,,,,,,,,,,,,,,,,,,,,,,,,,,,,,,,,,,,,,,,,,,,,,,,,,,,,,,,,,,,,,,,,,,,,,,,,,,,,,,,,,,,,,,,,,,,,,,,,,NPM2,,
6,Q86SE8,Q86SE8-1(*),ENSG00000158806,ENSP00000381032,ENST00000397940,NM_182795,3T30,,,,,,,,,,,,,,,,,,,,,,,,,,,,,,,,,,,,,,,,,,,,,,,,,,,,,,,,,,,,,,,,,,,,,,,,,,,,,,,,,,,,,,,,,,,,,,,,,,,,,,,,,,,,NPM2,,
7,Q86SE8,Q86SE8-1(*),ENSG00000158806,ENSP00000427741,ENST00000518119(*),NM_001286680(MANE),3T30,,,,,,,,,,,,,,,,,,,,,,,,,,,,,,,,,,,,,,,,,,,,,,,,,,,,,,,,,,,,,,,,,,,,,,,,,,,,,,,,,,,,,,,,,,,,,,,,,,,,,,,,,,,,NPM2,,
8,Q86SE8,Q86SE8-1(*),ENSG00000158806,ENSP00000429413,ENST00000521157,NM_001413113,3T30,,,,,,,,,,,,,,,,,,,,,,,,,,,,,,,,,,,,,,,,,,,,,,,,,,,,,,,,,,,,,,,,,,,,,,,,,,,,,,,,,,,,,,,,,,,,,,,,,,,,,,,,,,,,NPM2,,
9,Q86SE8,Q86SE8-1(*),ENSG00000158806,ENSP00000429413,ENST00000521157,NM_001413115,3T30,,,,,,,,,,,,,,,,,,,,,,,,,,,,,,,,,,,,,,,,,,,,,,,,,,,,,,,,,,,,,,,,,,,,,,,,,,,,,,,,,,,,,,,,,,,,,,,,,,,,,,,,,,,,NPM2,,
10,Q86SE8,Q86SE8-1(*),ENSG00000158806,ENSP00000429413,ENST00000521157,NM_001413118,3T30,,,,,,,,,,,,,,,,,,,,,,,,,,,,,,,,,,,,,,,,,,,,,,,,,,,,,,,,,,,,,,,,,,,,,,,,,,,,,,,,,,,,,,,,,,,,,,,,,,,,,,,,,,,,NPM2,,
11,Q86SE8,Q86SE8-1(*),ENSG00000158806,ENSP00000481077,ENST00000621538,not-assigned,3T30,,,,,,,,,,,,,,,,,,,,,,,,,,,,,,,,,,,,,,,,,,,,,,,,,,,,,,,,,,,,,,,,,,,,,,,,,,,,,,,,,,,,,,,,,,,,,,,,,,,,,,,,,,,,NPM2,,
12,Q86SE8,Q86SE8-2,ENSG00000158806,ENSP00000370941,ENST00000381530,NM_001286681,,,,,,,,,,,,,,,,,,,,,,,,,,,,,,,,,,,,,,,,,,,,,,,,,,,,,,,,,,,,,,,,,,,,,,,,,,,,,,,,,,,,,,,,,,,,,,,,,,,,,,,,,,,,,NPM2,,
13,Q86SE8,Q86SE8-2,ENSG00000158806,ENSP00000370941,ENST00000381530,NM_001413121,,,,,,,,,,,,,,,,,,,,,,,,,,,,,,,,,,,,,,,,,,,,,,,,,,,,,,,,,,,,,,,,,,,,,,,,,,,,,,,,,,,,,,,,,,,,,,,,,,,,,,,,,,,,,NPM2,,
14,Q86SE8,Q86SE8-2,ENSG00000158806,ENSP00000481018,ENST00000615914,not-assigned,,,,,,,,,,,,,,,,,,,,,,,,,,,,,,,,,,,,,,,,,,,,,,,,,,,,,,,,,,,,,,,,,,,,,,,,,,,,,,,,,,,,,,,,,,,,,,,,,,,,,,,,,,,,,NPM2,,
0,P06748,P06748-1(*),ENSG00000181163,ENSP00000296930,ENST00000296930(*),NM_002520(MANE),"2LLH,2P1B,2VXD,5EHD,7OBG,7OBH,8AH2,8AS5",,,,,,,,,,,,,,,,,,,,,,,,,,,,,,,,,,,,,,,,,,,,,,,,,,,,,,,,,,,,,,,,,,,,,,,,,,,,,,,,,,,,,,,,,,,,,,,,,,,,,,,,,,,,,NPM1,
1,P06748,P06748-1(*),ENSG00000181163,ENSP00000428755,ENST00000517671,NM_001355006,"2LLH,2P1B,2VXD,5EHD,7OBG,7OBH,8AH2,8AS5",,,,,,,,,,,,,,,,,,,,,,,,,,,,,,,,,,,,,,,,,,,,,,,,,,,,,,,,,,,,,,,,,,,,,,,,,,,,,,,,,,,,,,,,,,,,,,,,,,,,,,,,,,,,,NPM1,
2,P06748,P06748-2,ENSG00000181163,ENSP00000341168,ENST00000351986,NM_001355010,,,,,,,,,,,,,,,,,,,,,,,,,,,,,,,,,,,,,,,,,,,,,,,,,,,,,,,,,,,,,,,,,,,,,,,,,,,,,,,,,,,,,,,,,,,,,,,,,,,,,,,,,,,,,,NPM1,
3,P06748,P06748-2,ENSG00000181163,ENSP00000341168,ENST00000351986,NM_199185,,,,,,,,,,,,,,,,,,,,,,,,,,,,,,,,,,,,,,,,,,,,,,,,,,,,,,,,,,,,,,,,,,,,,,,,,,,,,,,,,,,,,,,,,,,,,,,,,,,,,,,,,,,,,,NPM1,
4,P06748,P06748-3,ENSG00000181163,ENSP00000377408,ENST00000393820,NM_001037738,,,,,,,,,,,,,,,,,,,,,,,,,,,,,,,,,,,,,,,,,,,,,,,,,,,,,,,,,,,,,,,,,,,,,,,,,,,,,,,,,,,,,,,,,,,,,,,,,,,,,,,,,,,,,,NPM1,
5,P06748,P06748-3,ENSG00000181163,ENSP00000377408,ENST00000393820,NM_001355009,,,,,,,,,,,,,,,,,,,,,,,,,,,,,,,,,,,,,,,,,,,,,,,,,,,,,,,,,,,,,,,,,,,,,,,,,,,,,,,,,,,,,,,,,,,,,,,,,,,,,,,,,,,,,,NPM1,
6,P06748,P06748-3,ENSG00000181163,ENSP00000503235,ENST00000678280,not-assigned,,,,,,,,,,,,,,,,,,,,,,,,,,,,,,,,,,,,,,,,,,,,,,,,,,,,,,,,,,,,,,,,,,,,,,,,,,,,,,,,,,,,,,,,,,,,,,,,,,,,,,,,,,,,,,NPM1,
0,O75607,O75607(*),ENSG00000107833,ENSP00000359128,ENST00000370110(*),NM_006993(MANE),not-available,,,,,,,,,,,,,,,,,,,,,,,,,,,,,,,,,,,,,,,,,,,,,,,,,,,,,,,,,,,,,,,,,,,,,,,,,,,,,,,,,,,,,,,,,,,,,,,,,,,,,,,,,,,,,,NPM3
